user_id,reading_id,time_length
zRJseyqoyE5Gsmjf9,KQ9F7PgqvNRi7fNAx,5530.0
zRJseyqoyE5Gsmjf9,JZF27T62Fi5Grkn85,45763.0
zRJseyqoyE5Gsmjf9,F8zeNSzQAiL46W49Z,86740.0
zRJseyqoyE5Gsmjf9,6tffxhr9bwQcbqMd6,90332.0
zRJseyqoyE5Gsmjf9,f4R5fnE3qjxJw8jhG,480980.0
zRJseyqoyE5Gsmjf9,sycFuheBBtEsgAWqQ,227266.0
zRJseyqoyE5Gsmjf9,k8Fwo4bcTMuNuNWR9,630427.0
45tWe2fRQyXB5BPQ3,KQ9F7PgqvNRi7fNAx,7180.0
45tWe2fRQyXB5BPQ3,JZF27T62Fi5Grkn85,25294.0
45tWe2fRQyXB5BPQ3,F8zeNSzQAiL46W49Z,135061.0
45tWe2fRQyXB5BPQ3,6tffxhr9bwQcbqMd6,95119.0
45tWe2fRQyXB5BPQ3,f4R5fnE3qjxJw8jhG,278635.0
45tWe2fRQyXB5BPQ3,sycFuheBBtEsgAWqQ,147605.0
45tWe2fRQyXB5BPQ3,k8Fwo4bcTMuNuNWR9,228887.0
Wrr9bL5QZehbFQBci,KQ9F7PgqvNRi7fNAx,28529.0
Wrr9bL5QZehbFQBci,JZF27T62Fi5Grkn85,68898.0
Wrr9bL5QZehbFQBci,F8zeNSzQAiL46W49Z,46804.0
Wrr9bL5QZehbFQBci,6tffxhr9bwQcbqMd6,335538.0
Wrr9bL5QZehbFQBci,f4R5fnE3qjxJw8jhG,413394.0
Wrr9bL5QZehbFQBci,sycFuheBBtEsgAWqQ,172446.0
Wrr9bL5QZehbFQBci,k8Fwo4bcTMuNuNWR9,314761.0
egxjyQbwKk53gnsMG,KQ9F7PgqvNRi7fNAx,7975.0
egxjyQbwKk53gnsMG,JZF27T62Fi5Grkn85,35274.0
egxjyQbwKk53gnsMG,F8zeNSzQAiL46W49Z,143748.0
egxjyQbwKk53gnsMG,6tffxhr9bwQcbqMd6,105755.0
egxjyQbwKk53gnsMG,f4R5fnE3qjxJw8jhG,144447.0
egxjyQbwKk53gnsMG,sycFuheBBtEsgAWqQ,166488.0
egxjyQbwKk53gnsMG,k8Fwo4bcTMuNuNWR9,345172.0
vEpy4ofQBBTRTZYZo,KQ9F7PgqvNRi7fNAx,17270.0
vEpy4ofQBBTRTZYZo,JZF27T62Fi5Grkn85,19343.0
vEpy4ofQBBTRTZYZo,F8zeNSzQAiL46W49Z,48588.0
vEpy4ofQBBTRTZYZo,6tffxhr9bwQcbqMd6,106216.0
vEpy4ofQBBTRTZYZo,f4R5fnE3qjxJw8jhG,220312.0
vEpy4ofQBBTRTZYZo,sycFuheBBtEsgAWqQ,107982.0
vEpy4ofQBBTRTZYZo,k8Fwo4bcTMuNuNWR9,211583.0
fHpa5viyE2d6aE5vj,KQ9F7PgqvNRi7fNAx,8101.0
fHpa5viyE2d6aE5vj,JZF27T62Fi5Grkn85,32741.0
fHpa5viyE2d6aE5vj,F8zeNSzQAiL46W49Z,141470.0
fHpa5viyE2d6aE5vj,6tffxhr9bwQcbqMd6,98638.0
fHpa5viyE2d6aE5vj,f4R5fnE3qjxJw8jhG,136121.0
fHpa5viyE2d6aE5vj,sycFuheBBtEsgAWqQ,298005.0
fHpa5viyE2d6aE5vj,k8Fwo4bcTMuNuNWR9,145508.0
kDS8gawJPkgJBaDn8,KQ9F7PgqvNRi7fNAx,14257.0
kDS8gawJPkgJBaDn8,JZF27T62Fi5Grkn85,39739.0
kDS8gawJPkgJBaDn8,F8zeNSzQAiL46W49Z,53459.0
kDS8gawJPkgJBaDn8,6tffxhr9bwQcbqMd6,348903.0
kDS8gawJPkgJBaDn8,f4R5fnE3qjxJw8jhG,286666.0
kDS8gawJPkgJBaDn8,sycFuheBBtEsgAWqQ,140921.0
kDS8gawJPkgJBaDn8,k8Fwo4bcTMuNuNWR9,427605.0
cGvDN7YCZG6jzzD3M,KQ9F7PgqvNRi7fNAx,26356.0
cGvDN7YCZG6jzzD3M,JZF27T62Fi5Grkn85,65019.0
cGvDN7YCZG6jzzD3M,F8zeNSzQAiL46W49Z,76927.0
cGvDN7YCZG6jzzD3M,6tffxhr9bwQcbqMd6,292260.0
cGvDN7YCZG6jzzD3M,f4R5fnE3qjxJw8jhG,135996.0
cGvDN7YCZG6jzzD3M,sycFuheBBtEsgAWqQ,651043.0
cGvDN7YCZG6jzzD3M,k8Fwo4bcTMuNuNWR9,496066.0
KQYrDRyrZjMuEeBx9,KQ9F7PgqvNRi7fNAx,8089.0
KQYrDRyrZjMuEeBx9,JZF27T62Fi5Grkn85,64838.0
KQYrDRyrZjMuEeBx9,F8zeNSzQAiL46W49Z,44926.0
KQYrDRyrZjMuEeBx9,6tffxhr9bwQcbqMd6,197224.0
KQYrDRyrZjMuEeBx9,f4R5fnE3qjxJw8jhG,166336.0
KQYrDRyrZjMuEeBx9,sycFuheBBtEsgAWqQ,5364961.0
KQYrDRyrZjMuEeBx9,k8Fwo4bcTMuNuNWR9,321254.0
8BMW4L6rLHTGim9Aj,KQ9F7PgqvNRi7fNAx,38899.0
8BMW4L6rLHTGim9Aj,JZF27T62Fi5Grkn85,17107.0
8BMW4L6rLHTGim9Aj,F8zeNSzQAiL46W49Z,81504.0
8BMW4L6rLHTGim9Aj,6tffxhr9bwQcbqMd6,96368.0
8BMW4L6rLHTGim9Aj,f4R5fnE3qjxJw8jhG,186667.0
8BMW4L6rLHTGim9Aj,sycFuheBBtEsgAWqQ,605830.0
8BMW4L6rLHTGim9Aj,k8Fwo4bcTMuNuNWR9,362920.0
LsKaTKtQ97dqKuFXa,KQ9F7PgqvNRi7fNAx,12949.0
LsKaTKtQ97dqKuFXa,JZF27T62Fi5Grkn85,28433.0
LsKaTKtQ97dqKuFXa,F8zeNSzQAiL46W49Z,62911.0
LsKaTKtQ97dqKuFXa,6tffxhr9bwQcbqMd6,103926.0
LsKaTKtQ97dqKuFXa,f4R5fnE3qjxJw8jhG,150444.0
LsKaTKtQ97dqKuFXa,sycFuheBBtEsgAWqQ,291458.0
LsKaTKtQ97dqKuFXa,k8Fwo4bcTMuNuNWR9,177976.0
8d9DQhDz3ck6kQsDk,KQ9F7PgqvNRi7fNAx,13006.0
8d9DQhDz3ck6kQsDk,JZF27T62Fi5Grkn85,18923.0
8d9DQhDz3ck6kQsDk,F8zeNSzQAiL46W49Z,63588.0
8d9DQhDz3ck6kQsDk,6tffxhr9bwQcbqMd6,200571.0
8d9DQhDz3ck6kQsDk,f4R5fnE3qjxJw8jhG,188103.0
8d9DQhDz3ck6kQsDk,sycFuheBBtEsgAWqQ,189003.0
8d9DQhDz3ck6kQsDk,k8Fwo4bcTMuNuNWR9,654565.0
RXhaamZLeM229b9Xi,KQ9F7PgqvNRi7fNAx,7927.0
RXhaamZLeM229b9Xi,JZF27T62Fi5Grkn85,61819.0
RXhaamZLeM229b9Xi,F8zeNSzQAiL46W49Z,75598.0
RXhaamZLeM229b9Xi,6tffxhr9bwQcbqMd6,120349.0
RXhaamZLeM229b9Xi,f4R5fnE3qjxJw8jhG,218255.0
RXhaamZLeM229b9Xi,sycFuheBBtEsgAWqQ,123461.0
RXhaamZLeM229b9Xi,k8Fwo4bcTMuNuNWR9,272495.0
7mtpeKgqxYsJ8dGdk,KQ9F7PgqvNRi7fNAx,11434.0
7mtpeKgqxYsJ8dGdk,JZF27T62Fi5Grkn85,42412.0
7mtpeKgqxYsJ8dGdk,F8zeNSzQAiL46W49Z,40516.0
7mtpeKgqxYsJ8dGdk,6tffxhr9bwQcbqMd6,153919.0
7mtpeKgqxYsJ8dGdk,f4R5fnE3qjxJw8jhG,446793.0
7mtpeKgqxYsJ8dGdk,sycFuheBBtEsgAWqQ,262914.0
7mtpeKgqxYsJ8dGdk,k8Fwo4bcTMuNuNWR9,262502.0
H8ZhLj7YP7cCkCsAq,KQ9F7PgqvNRi7fNAx,12693.0
H8ZhLj7YP7cCkCsAq,JZF27T62Fi5Grkn85,57749.0
H8ZhLj7YP7cCkCsAq,F8zeNSzQAiL46W49Z,51324.0
H8ZhLj7YP7cCkCsAq,6tffxhr9bwQcbqMd6,222594.0
H8ZhLj7YP7cCkCsAq,f4R5fnE3qjxJw8jhG,169136.0
H8ZhLj7YP7cCkCsAq,sycFuheBBtEsgAWqQ,277290.0
H8ZhLj7YP7cCkCsAq,k8Fwo4bcTMuNuNWR9,252065.0
mGbdZ9ujdxQ7LWPyr,KQ9F7PgqvNRi7fNAx,13543.0
mGbdZ9ujdxQ7LWPyr,JZF27T62Fi5Grkn85,47968.0
mGbdZ9ujdxQ7LWPyr,F8zeNSzQAiL46W49Z,56221.0
mGbdZ9ujdxQ7LWPyr,6tffxhr9bwQcbqMd6,207381.0
mGbdZ9ujdxQ7LWPyr,f4R5fnE3qjxJw8jhG,155618.0
mGbdZ9ujdxQ7LWPyr,sycFuheBBtEsgAWqQ,229755.0
mGbdZ9ujdxQ7LWPyr,k8Fwo4bcTMuNuNWR9,206138.0
n6visACohjenJomDZ,KQ9F7PgqvNRi7fNAx,6012.0
n6visACohjenJomDZ,JZF27T62Fi5Grkn85,50174.0
n6visACohjenJomDZ,F8zeNSzQAiL46W49Z,95954.0
n6visACohjenJomDZ,6tffxhr9bwQcbqMd6,515443.0
n6visACohjenJomDZ,f4R5fnE3qjxJw8jhG,195213.0
n6visACohjenJomDZ,sycFuheBBtEsgAWqQ,101743.0
n6visACohjenJomDZ,k8Fwo4bcTMuNuNWR9,203388.0
vHHcyTSAxqHWvP9mo,KQ9F7PgqvNRi7fNAx,12820.0
vHHcyTSAxqHWvP9mo,JZF27T62Fi5Grkn85,49793.0
vHHcyTSAxqHWvP9mo,F8zeNSzQAiL46W49Z,138135.0
vHHcyTSAxqHWvP9mo,6tffxhr9bwQcbqMd6,271197.0
vHHcyTSAxqHWvP9mo,f4R5fnE3qjxJw8jhG,443606.0
vHHcyTSAxqHWvP9mo,sycFuheBBtEsgAWqQ,181327.0
vHHcyTSAxqHWvP9mo,k8Fwo4bcTMuNuNWR9,280791.0
msk2jAbtxMjNnKKc8,KQ9F7PgqvNRi7fNAx,7795.0
msk2jAbtxMjNnKKc8,JZF27T62Fi5Grkn85,35070.0
msk2jAbtxMjNnKKc8,F8zeNSzQAiL46W49Z,194894.0
msk2jAbtxMjNnKKc8,6tffxhr9bwQcbqMd6,203185.0
msk2jAbtxMjNnKKc8,f4R5fnE3qjxJw8jhG,266099.0
msk2jAbtxMjNnKKc8,sycFuheBBtEsgAWqQ,1501423.0
msk2jAbtxMjNnKKc8,k8Fwo4bcTMuNuNWR9,951480.0
P3m5gpwCgj4vvMXfz,KQ9F7PgqvNRi7fNAx,8749.0
P3m5gpwCgj4vvMXfz,JZF27T62Fi5Grkn85,587473.0
P3m5gpwCgj4vvMXfz,F8zeNSzQAiL46W49Z,626801.0
P3m5gpwCgj4vvMXfz,6tffxhr9bwQcbqMd6,615077.0
P3m5gpwCgj4vvMXfz,f4R5fnE3qjxJw8jhG,1263061.0
P3m5gpwCgj4vvMXfz,sycFuheBBtEsgAWqQ,1207622.0
P3m5gpwCgj4vvMXfz,k8Fwo4bcTMuNuNWR9,943506.0
vr7aPhWAx4oZAwiTA,KQ9F7PgqvNRi7fNAx,9966.0
vr7aPhWAx4oZAwiTA,JZF27T62Fi5Grkn85,351871.0
vr7aPhWAx4oZAwiTA,F8zeNSzQAiL46W49Z,888613.0
vr7aPhWAx4oZAwiTA,6tffxhr9bwQcbqMd6,2165233.0
vr7aPhWAx4oZAwiTA,f4R5fnE3qjxJw8jhG,7393632.0
vr7aPhWAx4oZAwiTA,sycFuheBBtEsgAWqQ,2139744.0
vr7aPhWAx4oZAwiTA,k8Fwo4bcTMuNuNWR9,642301.0
53Kio4wemFYQ48BYP,KQ9F7PgqvNRi7fNAx,282930.0
53Kio4wemFYQ48BYP,JZF27T62Fi5Grkn85,16118.0
53Kio4wemFYQ48BYP,F8zeNSzQAiL46W49Z,928644.0
53Kio4wemFYQ48BYP,6tffxhr9bwQcbqMd6,590647.0
53Kio4wemFYQ48BYP,f4R5fnE3qjxJw8jhG,287312.0
53Kio4wemFYQ48BYP,sycFuheBBtEsgAWqQ,392542.0
53Kio4wemFYQ48BYP,k8Fwo4bcTMuNuNWR9,523150.0
hk2rH4EMeyLA8kwN5,KQ9F7PgqvNRi7fNAx,17867.0
hk2rH4EMeyLA8kwN5,JZF27T62Fi5Grkn85,28755.0
hk2rH4EMeyLA8kwN5,F8zeNSzQAiL46W49Z,46688.0
hk2rH4EMeyLA8kwN5,6tffxhr9bwQcbqMd6,1636067.0
hk2rH4EMeyLA8kwN5,f4R5fnE3qjxJw8jhG,13095212.0
hk2rH4EMeyLA8kwN5,sycFuheBBtEsgAWqQ,5671566.0
hk2rH4EMeyLA8kwN5,k8Fwo4bcTMuNuNWR9,324250.0
gJzntnvYmdZpcE2eP,KQ9F7PgqvNRi7fNAx,12423.0
gJzntnvYmdZpcE2eP,JZF27T62Fi5Grkn85,24304.0
gJzntnvYmdZpcE2eP,F8zeNSzQAiL46W49Z,197835.0
gJzntnvYmdZpcE2eP,6tffxhr9bwQcbqMd6,147624.0
gJzntnvYmdZpcE2eP,f4R5fnE3qjxJw8jhG,147732.0
gJzntnvYmdZpcE2eP,sycFuheBBtEsgAWqQ,141255.0
gJzntnvYmdZpcE2eP,k8Fwo4bcTMuNuNWR9,829235.0
bfachLE7Cv2Lfe9c9,KQ9F7PgqvNRi7fNAx,20562.0
bfachLE7Cv2Lfe9c9,JZF27T62Fi5Grkn85,17336.0
bfachLE7Cv2Lfe9c9,F8zeNSzQAiL46W49Z,94500.0
bfachLE7Cv2Lfe9c9,6tffxhr9bwQcbqMd6,82108.0
bfachLE7Cv2Lfe9c9,f4R5fnE3qjxJw8jhG,252097.0
bfachLE7Cv2Lfe9c9,sycFuheBBtEsgAWqQ,155824.0
bfachLE7Cv2Lfe9c9,k8Fwo4bcTMuNuNWR9,264019.0
FjKqb8FWHjuD94Zju,KQ9F7PgqvNRi7fNAx,105195.0
FjKqb8FWHjuD94Zju,JZF27T62Fi5Grkn85,1245297.0
FjKqb8FWHjuD94Zju,F8zeNSzQAiL46W49Z,6581433.0
FjKqb8FWHjuD94Zju,6tffxhr9bwQcbqMd6,160690.0
FjKqb8FWHjuD94Zju,f4R5fnE3qjxJw8jhG,144159.0
FjKqb8FWHjuD94Zju,sycFuheBBtEsgAWqQ,141646.0
FjKqb8FWHjuD94Zju,k8Fwo4bcTMuNuNWR9,338355.0
W2NGmZKoxHXzgP8Lz,KQ9F7PgqvNRi7fNAx,14724.0
W2NGmZKoxHXzgP8Lz,JZF27T62Fi5Grkn85,89794.0
W2NGmZKoxHXzgP8Lz,F8zeNSzQAiL46W49Z,38464.0
W2NGmZKoxHXzgP8Lz,6tffxhr9bwQcbqMd6,237234.0
W2NGmZKoxHXzgP8Lz,f4R5fnE3qjxJw8jhG,129183.0
W2NGmZKoxHXzgP8Lz,sycFuheBBtEsgAWqQ,218531.0
W2NGmZKoxHXzgP8Lz,k8Fwo4bcTMuNuNWR9,145303.0
G6wegXM9ri2ru7s4n,KQ9F7PgqvNRi7fNAx,30251.0
G6wegXM9ri2ru7s4n,JZF27T62Fi5Grkn85,15740.0
G6wegXM9ri2ru7s4n,F8zeNSzQAiL46W49Z,48704.0
G6wegXM9ri2ru7s4n,6tffxhr9bwQcbqMd6,101498.0
G6wegXM9ri2ru7s4n,f4R5fnE3qjxJw8jhG,342627.0
G6wegXM9ri2ru7s4n,sycFuheBBtEsgAWqQ,2399748.0
G6wegXM9ri2ru7s4n,k8Fwo4bcTMuNuNWR9,1548501.0
jfjaETxPXp4Sk8dfA,KQ9F7PgqvNRi7fNAx,9327.0
jfjaETxPXp4Sk8dfA,JZF27T62Fi5Grkn85,520208.0
jfjaETxPXp4Sk8dfA,F8zeNSzQAiL46W49Z,288135.0
jfjaETxPXp4Sk8dfA,6tffxhr9bwQcbqMd6,7522626.0
jfjaETxPXp4Sk8dfA,f4R5fnE3qjxJw8jhG,4908631.0
jfjaETxPXp4Sk8dfA,sycFuheBBtEsgAWqQ,1528333.0
jfjaETxPXp4Sk8dfA,k8Fwo4bcTMuNuNWR9,1658401.0
XjoSKGGnNinEwZuB9,KQ9F7PgqvNRi7fNAx,1498614.0
XjoSKGGnNinEwZuB9,JZF27T62Fi5Grkn85,31634.0
XjoSKGGnNinEwZuB9,F8zeNSzQAiL46W49Z,829732.0
XjoSKGGnNinEwZuB9,6tffxhr9bwQcbqMd6,778009.0
XjoSKGGnNinEwZuB9,f4R5fnE3qjxJw8jhG,505968.0
XjoSKGGnNinEwZuB9,sycFuheBBtEsgAWqQ,199489.0
XjoSKGGnNinEwZuB9,k8Fwo4bcTMuNuNWR9,310236.0
j7z5e8FEm2JfbGnCm,KQ9F7PgqvNRi7fNAx,21024.0
j7z5e8FEm2JfbGnCm,JZF27T62Fi5Grkn85,829332.0
j7z5e8FEm2JfbGnCm,JZF27T62Fi5Grkn85,24119.0
j7z5e8FEm2JfbGnCm,F8zeNSzQAiL46W49Z,149581.0
j7z5e8FEm2JfbGnCm,6tffxhr9bwQcbqMd6,384.0
j7z5e8FEm2JfbGnCm,f4R5fnE3qjxJw8jhG,339.0
j7z5e8FEm2JfbGnCm,sycFuheBBtEsgAWqQ,424.0
aFrTduBKypzYvfSRj,KQ9F7PgqvNRi7fNAx,21596.0
aFrTduBKypzYvfSRj,JZF27T62Fi5Grkn85,44241.0
aFrTduBKypzYvfSRj,F8zeNSzQAiL46W49Z,57164.0
aFrTduBKypzYvfSRj,6tffxhr9bwQcbqMd6,86774.0
aFrTduBKypzYvfSRj,f4R5fnE3qjxJw8jhG,331504.0
aFrTduBKypzYvfSRj,sycFuheBBtEsgAWqQ,345.0
aFrTduBKypzYvfSRj,k8Fwo4bcTMuNuNWR9,356754.0
PHhAGTpgeeeMkHZPo,KQ9F7PgqvNRi7fNAx,3041.0
PHhAGTpgeeeMkHZPo,JZF27T62Fi5Grkn85,21459.0
PHhAGTpgeeeMkHZPo,F8zeNSzQAiL46W49Z,62636.0
PHhAGTpgeeeMkHZPo,6tffxhr9bwQcbqMd6,471.0
PHhAGTpgeeeMkHZPo,f4R5fnE3qjxJw8jhG,109.0
PHhAGTpgeeeMkHZPo,sycFuheBBtEsgAWqQ,380.0
PHhAGTpgeeeMkHZPo,k8Fwo4bcTMuNuNWR9,184862.0
uEe8nsRK8xoAwsP7e,KQ9F7PgqvNRi7fNAx,121.0
uEe8nsRK8xoAwsP7e,JZF27T62Fi5Grkn85,305.0
uEe8nsRK8xoAwsP7e,F8zeNSzQAiL46W49Z,46645.0
uEe8nsRK8xoAwsP7e,6tffxhr9bwQcbqMd6,98601.0
uEe8nsRK8xoAwsP7e,f4R5fnE3qjxJw8jhG,308932.0
uEe8nsRK8xoAwsP7e,sycFuheBBtEsgAWqQ,160939.0
uEe8nsRK8xoAwsP7e,k8Fwo4bcTMuNuNWR9,145798.0
BQnFTBDmRQBPoDJB3,KQ9F7PgqvNRi7fNAx,23262.0
BQnFTBDmRQBPoDJB3,JZF27T62Fi5Grkn85,30937.0
BQnFTBDmRQBPoDJB3,F8zeNSzQAiL46W49Z,425349.0
BQnFTBDmRQBPoDJB3,6tffxhr9bwQcbqMd6,523459.0
BQnFTBDmRQBPoDJB3,f4R5fnE3qjxJw8jhG,1779798.0
BQnFTBDmRQBPoDJB3,sycFuheBBtEsgAWqQ,301329.0
BQnFTBDmRQBPoDJB3,k8Fwo4bcTMuNuNWR9,442434.0
sNGS9qy6ZhPam7g9e,KQ9F7PgqvNRi7fNAx,22902.0
sNGS9qy6ZhPam7g9e,JZF27T62Fi5Grkn85,183137.0
sNGS9qy6ZhPam7g9e,F8zeNSzQAiL46W49Z,525861.0
sNGS9qy6ZhPam7g9e,6tffxhr9bwQcbqMd6,548008.0
sNGS9qy6ZhPam7g9e,f4R5fnE3qjxJw8jhG,718146.0
sNGS9qy6ZhPam7g9e,sycFuheBBtEsgAWqQ,1217320.0
sNGS9qy6ZhPam7g9e,k8Fwo4bcTMuNuNWR9,4445685.0
DvBRGtaKazzrQR3He,KQ9F7PgqvNRi7fNAx,18723.0
DvBRGtaKazzrQR3He,JZF27T62Fi5Grkn85,52694.0
DvBRGtaKazzrQR3He,F8zeNSzQAiL46W49Z,294657.0
DvBRGtaKazzrQR3He,6tffxhr9bwQcbqMd6,254928.0
DvBRGtaKazzrQR3He,f4R5fnE3qjxJw8jhG,558070.0
DvBRGtaKazzrQR3He,sycFuheBBtEsgAWqQ,643775.0
DvBRGtaKazzrQR3He,k8Fwo4bcTMuNuNWR9,801229.0
wi8cAq5YWdqesWc8d,KQ9F7PgqvNRi7fNAx,19998.0
wi8cAq5YWdqesWc8d,JZF27T62Fi5Grkn85,59764.0
wi8cAq5YWdqesWc8d,F8zeNSzQAiL46W49Z,109853.0
wi8cAq5YWdqesWc8d,6tffxhr9bwQcbqMd6,183800.0
wi8cAq5YWdqesWc8d,f4R5fnE3qjxJw8jhG,4663571.0
wi8cAq5YWdqesWc8d,sycFuheBBtEsgAWqQ,239893.0
wi8cAq5YWdqesWc8d,k8Fwo4bcTMuNuNWR9,310358.0
kQGwCctw6Ngg2kdRs,KQ9F7PgqvNRi7fNAx,17232.0
kQGwCctw6Ngg2kdRs,JZF27T62Fi5Grkn85,179489.0
kQGwCctw6Ngg2kdRs,F8zeNSzQAiL46W49Z,1817742.0
kQGwCctw6Ngg2kdRs,6tffxhr9bwQcbqMd6,1851325.0
kQGwCctw6Ngg2kdRs,f4R5fnE3qjxJw8jhG,452601.0
kQGwCctw6Ngg2kdRs,sycFuheBBtEsgAWqQ,553273.0
kQGwCctw6Ngg2kdRs,k8Fwo4bcTMuNuNWR9,825417.0
myDJQzWPHQcgP28Xc,KQ9F7PgqvNRi7fNAx,16835.0
myDJQzWPHQcgP28Xc,JZF27T62Fi5Grkn85,53974.0
myDJQzWPHQcgP28Xc,F8zeNSzQAiL46W49Z,92801.0
myDJQzWPHQcgP28Xc,6tffxhr9bwQcbqMd6,246218.0
myDJQzWPHQcgP28Xc,f4R5fnE3qjxJw8jhG,334219.0
myDJQzWPHQcgP28Xc,sycFuheBBtEsgAWqQ,274688.0
myDJQzWPHQcgP28Xc,k8Fwo4bcTMuNuNWR9,500715.0
JFb7coP6zJHPyxGvL,KQ9F7PgqvNRi7fNAx,14547.0
JFb7coP6zJHPyxGvL,JZF27T62Fi5Grkn85,80538.0
JFb7coP6zJHPyxGvL,F8zeNSzQAiL46W49Z,92981.0
JFb7coP6zJHPyxGvL,6tffxhr9bwQcbqMd6,453436.0
JFb7coP6zJHPyxGvL,f4R5fnE3qjxJw8jhG,397949.0
JFb7coP6zJHPyxGvL,sycFuheBBtEsgAWqQ,271243.0
JFb7coP6zJHPyxGvL,k8Fwo4bcTMuNuNWR9,751742.0
xYHKQqjLRYXHvg6YK,KQ9F7PgqvNRi7fNAx,53644.0
xYHKQqjLRYXHvg6YK,JZF27T62Fi5Grkn85,109366.0
xYHKQqjLRYXHvg6YK,F8zeNSzQAiL46W49Z,168240.0
xYHKQqjLRYXHvg6YK,6tffxhr9bwQcbqMd6,192027.0
xYHKQqjLRYXHvg6YK,f4R5fnE3qjxJw8jhG,631659.0
xYHKQqjLRYXHvg6YK,sycFuheBBtEsgAWqQ,709090.0
xYHKQqjLRYXHvg6YK,k8Fwo4bcTMuNuNWR9,9726032.0
vBiQxYK6my4t6PT4P,KQ9F7PgqvNRi7fNAx,16772.0
vBiQxYK6my4t6PT4P,JZF27T62Fi5Grkn85,134961.0
vBiQxYK6my4t6PT4P,F8zeNSzQAiL46W49Z,75072.0
vBiQxYK6my4t6PT4P,6tffxhr9bwQcbqMd6,266339.0
vBiQxYK6my4t6PT4P,f4R5fnE3qjxJw8jhG,363722.0
vBiQxYK6my4t6PT4P,sycFuheBBtEsgAWqQ,615805.0
vBiQxYK6my4t6PT4P,k8Fwo4bcTMuNuNWR9,450604.0
Zpvq46Jpb4HPcpRWe,KQ9F7PgqvNRi7fNAx,9464.0
Zpvq46Jpb4HPcpRWe,JZF27T62Fi5Grkn85,82694.0
Zpvq46Jpb4HPcpRWe,F8zeNSzQAiL46W49Z,98546.0
Zpvq46Jpb4HPcpRWe,6tffxhr9bwQcbqMd6,741130.0
Zpvq46Jpb4HPcpRWe,f4R5fnE3qjxJw8jhG,9075270.0
Zpvq46Jpb4HPcpRWe,sycFuheBBtEsgAWqQ,276725.0
Zpvq46Jpb4HPcpRWe,k8Fwo4bcTMuNuNWR9,397429.0
Xnt8B2DwAEbBWBmfP,KQ9F7PgqvNRi7fNAx,31250.0
Xnt8B2DwAEbBWBmfP,JZF27T62Fi5Grkn85,87606.0
Xnt8B2DwAEbBWBmfP,F8zeNSzQAiL46W49Z,8890153.0
Xnt8B2DwAEbBWBmfP,6tffxhr9bwQcbqMd6,441944.0
Xnt8B2DwAEbBWBmfP,f4R5fnE3qjxJw8jhG,633809.0
Xnt8B2DwAEbBWBmfP,sycFuheBBtEsgAWqQ,500287.0
Xnt8B2DwAEbBWBmfP,k8Fwo4bcTMuNuNWR9,803304.0
JxdMvrwaYEEf9a9oH,KQ9F7PgqvNRi7fNAx,18041.0
JxdMvrwaYEEf9a9oH,JZF27T62Fi5Grkn85,32755.0
JxdMvrwaYEEf9a9oH,F8zeNSzQAiL46W49Z,261602.0
JxdMvrwaYEEf9a9oH,6tffxhr9bwQcbqMd6,460316.0
JxdMvrwaYEEf9a9oH,f4R5fnE3qjxJw8jhG,729329.0
JxdMvrwaYEEf9a9oH,sycFuheBBtEsgAWqQ,315414.0
JxdMvrwaYEEf9a9oH,k8Fwo4bcTMuNuNWR9,452328.0
BafjHG23N6iq9Smc3,KQ9F7PgqvNRi7fNAx,24031.0
BafjHG23N6iq9Smc3,JZF27T62Fi5Grkn85,68453.0
BafjHG23N6iq9Smc3,F8zeNSzQAiL46W49Z,128938.0
BafjHG23N6iq9Smc3,6tffxhr9bwQcbqMd6,264642.0
BafjHG23N6iq9Smc3,f4R5fnE3qjxJw8jhG,448066.0
BafjHG23N6iq9Smc3,sycFuheBBtEsgAWqQ,272228.0
BafjHG23N6iq9Smc3,k8Fwo4bcTMuNuNWR9,343984.0
7aMB3PzH6qrrz7Qw3,KQ9F7PgqvNRi7fNAx,13708.0
7aMB3PzH6qrrz7Qw3,JZF27T62Fi5Grkn85,41884.0
7aMB3PzH6qrrz7Qw3,F8zeNSzQAiL46W49Z,92040.0
7aMB3PzH6qrrz7Qw3,6tffxhr9bwQcbqMd6,268137.0
7aMB3PzH6qrrz7Qw3,f4R5fnE3qjxJw8jhG,340701.0
7aMB3PzH6qrrz7Qw3,sycFuheBBtEsgAWqQ,310115.0
7aMB3PzH6qrrz7Qw3,k8Fwo4bcTMuNuNWR9,331437.0
nBoTzHb8JiYoPhwGA,KQ9F7PgqvNRi7fNAx,20355.0
nBoTzHb8JiYoPhwGA,JZF27T62Fi5Grkn85,39174.0
nBoTzHb8JiYoPhwGA,F8zeNSzQAiL46W49Z,171130.0
nBoTzHb8JiYoPhwGA,6tffxhr9bwQcbqMd6,286158.0
nBoTzHb8JiYoPhwGA,f4R5fnE3qjxJw8jhG,398639.0
nBoTzHb8JiYoPhwGA,sycFuheBBtEsgAWqQ,794094.0
nBoTzHb8JiYoPhwGA,k8Fwo4bcTMuNuNWR9,1035194.0
odQY8Qm6PfyrWCvTs,KQ9F7PgqvNRi7fNAx,32735.0
odQY8Qm6PfyrWCvTs,JZF27T62Fi5Grkn85,47726.0
odQY8Qm6PfyrWCvTs,F8zeNSzQAiL46W49Z,504361.0
odQY8Qm6PfyrWCvTs,6tffxhr9bwQcbqMd6,597292.0
odQY8Qm6PfyrWCvTs,f4R5fnE3qjxJw8jhG,268129.0
odQY8Qm6PfyrWCvTs,sycFuheBBtEsgAWqQ,316754.0
odQY8Qm6PfyrWCvTs,k8Fwo4bcTMuNuNWR9,304282.0
Y6sDhpXAyLRCEd7Xm,KQ9F7PgqvNRi7fNAx,20001.0
Y6sDhpXAyLRCEd7Xm,JZF27T62Fi5Grkn85,41864.0
Y6sDhpXAyLRCEd7Xm,F8zeNSzQAiL46W49Z,185600.0
Y6sDhpXAyLRCEd7Xm,6tffxhr9bwQcbqMd6,367509.0
Y6sDhpXAyLRCEd7Xm,f4R5fnE3qjxJw8jhG,388438.0
Y6sDhpXAyLRCEd7Xm,sycFuheBBtEsgAWqQ,391797.0
Y6sDhpXAyLRCEd7Xm,k8Fwo4bcTMuNuNWR9,1468980.0
94srqELZgPeC3fmTD,KQ9F7PgqvNRi7fNAx,14480.0
94srqELZgPeC3fmTD,JZF27T62Fi5Grkn85,42428.0
94srqELZgPeC3fmTD,F8zeNSzQAiL46W49Z,307106.0
94srqELZgPeC3fmTD,6tffxhr9bwQcbqMd6,186611.0
94srqELZgPeC3fmTD,f4R5fnE3qjxJw8jhG,350762.0
94srqELZgPeC3fmTD,sycFuheBBtEsgAWqQ,242968.0
94srqELZgPeC3fmTD,k8Fwo4bcTMuNuNWR9,483075.0
GQpeLh8wzHHAvxyo3,KQ9F7PgqvNRi7fNAx,15388.0
GQpeLh8wzHHAvxyo3,JZF27T62Fi5Grkn85,188143.0
GQpeLh8wzHHAvxyo3,F8zeNSzQAiL46W49Z,451683.0
GQpeLh8wzHHAvxyo3,6tffxhr9bwQcbqMd6,212937.0
GQpeLh8wzHHAvxyo3,f4R5fnE3qjxJw8jhG,385147.0
GQpeLh8wzHHAvxyo3,sycFuheBBtEsgAWqQ,995651.0
GQpeLh8wzHHAvxyo3,k8Fwo4bcTMuNuNWR9,590426.0
T49y7CAs27M6wnXNY,KQ9F7PgqvNRi7fNAx,3790.0
T49y7CAs27M6wnXNY,JZF27T62Fi5Grkn85,8567.0
T49y7CAs27M6wnXNY,F8zeNSzQAiL46W49Z,13391.0
T49y7CAs27M6wnXNY,6tffxhr9bwQcbqMd6,24953.0
T49y7CAs27M6wnXNY,f4R5fnE3qjxJw8jhG,24126.0
T49y7CAs27M6wnXNY,sycFuheBBtEsgAWqQ,21611.0
T49y7CAs27M6wnXNY,k8Fwo4bcTMuNuNWR9,47806.0
SCTrew5aTcvpT4BCE,KQ9F7PgqvNRi7fNAx,31530.0
SCTrew5aTcvpT4BCE,JZF27T62Fi5Grkn85,34154.0
SCTrew5aTcvpT4BCE,F8zeNSzQAiL46W49Z,228925.0
SCTrew5aTcvpT4BCE,6tffxhr9bwQcbqMd6,374472.0
SCTrew5aTcvpT4BCE,f4R5fnE3qjxJw8jhG,386877.0
SCTrew5aTcvpT4BCE,sycFuheBBtEsgAWqQ,283372.0
SCTrew5aTcvpT4BCE,k8Fwo4bcTMuNuNWR9,549755.0
vKZY5NEwFx5kFeTea,KQ9F7PgqvNRi7fNAx,2016.0
vKZY5NEwFx5kFeTea,JZF27T62Fi5Grkn85,7132.0
vKZY5NEwFx5kFeTea,F8zeNSzQAiL46W49Z,13513.0
vKZY5NEwFx5kFeTea,6tffxhr9bwQcbqMd6,28123.0
vKZY5NEwFx5kFeTea,f4R5fnE3qjxJw8jhG,44002.0
vKZY5NEwFx5kFeTea,sycFuheBBtEsgAWqQ,30296.0
vKZY5NEwFx5kFeTea,k8Fwo4bcTMuNuNWR9,30558.0
jSfaEmaHZtNZ2bP87,KQ9F7PgqvNRi7fNAx,2450.0
jSfaEmaHZtNZ2bP87,JZF27T62Fi5Grkn85,8101.0
jSfaEmaHZtNZ2bP87,F8zeNSzQAiL46W49Z,18625.0
jSfaEmaHZtNZ2bP87,6tffxhr9bwQcbqMd6,16927.0
jSfaEmaHZtNZ2bP87,f4R5fnE3qjxJw8jhG,29060.0
jSfaEmaHZtNZ2bP87,sycFuheBBtEsgAWqQ,18038.0
jSfaEmaHZtNZ2bP87,k8Fwo4bcTMuNuNWR9,20772.0
J7wZFKfSxY8bk2NTt,KQ9F7PgqvNRi7fNAx,2867.0
J7wZFKfSxY8bk2NTt,JZF27T62Fi5Grkn85,9785.0
J7wZFKfSxY8bk2NTt,F8zeNSzQAiL46W49Z,13832.0
J7wZFKfSxY8bk2NTt,6tffxhr9bwQcbqMd6,18243.0
J7wZFKfSxY8bk2NTt,f4R5fnE3qjxJw8jhG,38791.0
J7wZFKfSxY8bk2NTt,sycFuheBBtEsgAWqQ,41375.0
J7wZFKfSxY8bk2NTt,k8Fwo4bcTMuNuNWR9,48768.0
Ge7czuuKgbvFfjzxv,KQ9F7PgqvNRi7fNAx,2148.0
Ge7czuuKgbvFfjzxv,JZF27T62Fi5Grkn85,5155.0
Ge7czuuKgbvFfjzxv,F8zeNSzQAiL46W49Z,9681.0
Ge7czuuKgbvFfjzxv,6tffxhr9bwQcbqMd6,16760.0
Ge7czuuKgbvFfjzxv,f4R5fnE3qjxJw8jhG,26518.0
Ge7czuuKgbvFfjzxv,sycFuheBBtEsgAWqQ,25983.0
Ge7czuuKgbvFfjzxv,k8Fwo4bcTMuNuNWR9,37320.0
4dR3zdtP2bhsZTWi3,KQ9F7PgqvNRi7fNAx,2621.0
4dR3zdtP2bhsZTWi3,JZF27T62Fi5Grkn85,5635.0
4dR3zdtP2bhsZTWi3,F8zeNSzQAiL46W49Z,14675.0
4dR3zdtP2bhsZTWi3,6tffxhr9bwQcbqMd6,29837.0
4dR3zdtP2bhsZTWi3,f4R5fnE3qjxJw8jhG,21147.0
4dR3zdtP2bhsZTWi3,sycFuheBBtEsgAWqQ,27198.0
4dR3zdtP2bhsZTWi3,k8Fwo4bcTMuNuNWR9,41441.0
SDKW7TkzQoaggNSNs,KQ9F7PgqvNRi7fNAx,2709.0
SDKW7TkzQoaggNSNs,JZF27T62Fi5Grkn85,6152.0
SDKW7TkzQoaggNSNs,F8zeNSzQAiL46W49Z,10994.0
SDKW7TkzQoaggNSNs,6tffxhr9bwQcbqMd6,28462.0
SDKW7TkzQoaggNSNs,f4R5fnE3qjxJw8jhG,29177.0
SDKW7TkzQoaggNSNs,sycFuheBBtEsgAWqQ,31153.0
SDKW7TkzQoaggNSNs,k8Fwo4bcTMuNuNWR9,30554.0
eJJwre5pP6NhX7R3K,KQ9F7PgqvNRi7fNAx,2440.0
eJJwre5pP6NhX7R3K,JZF27T62Fi5Grkn85,10330.0
eJJwre5pP6NhX7R3K,F8zeNSzQAiL46W49Z,15076.0
eJJwre5pP6NhX7R3K,6tffxhr9bwQcbqMd6,23839.0
eJJwre5pP6NhX7R3K,f4R5fnE3qjxJw8jhG,40349.0
eJJwre5pP6NhX7R3K,sycFuheBBtEsgAWqQ,18455.0
eJJwre5pP6NhX7R3K,k8Fwo4bcTMuNuNWR9,45252.0
33JAZBPwApjfxhhx4,KQ9F7PgqvNRi7fNAx,3654.0
33JAZBPwApjfxhhx4,JZF27T62Fi5Grkn85,5206.0
33JAZBPwApjfxhhx4,F8zeNSzQAiL46W49Z,20749.0
33JAZBPwApjfxhhx4,6tffxhr9bwQcbqMd6,23589.0
33JAZBPwApjfxhhx4,f4R5fnE3qjxJw8jhG,29949.0
33JAZBPwApjfxhhx4,sycFuheBBtEsgAWqQ,45187.0
33JAZBPwApjfxhhx4,k8Fwo4bcTMuNuNWR9,32618.0
8gsPLyPHubhLRiXCb,KQ9F7PgqvNRi7fNAx,3017.0
8gsPLyPHubhLRiXCb,JZF27T62Fi5Grkn85,9293.0
8gsPLyPHubhLRiXCb,F8zeNSzQAiL46W49Z,18354.0
8gsPLyPHubhLRiXCb,6tffxhr9bwQcbqMd6,16727.0
8gsPLyPHubhLRiXCb,f4R5fnE3qjxJw8jhG,19896.0
8gsPLyPHubhLRiXCb,sycFuheBBtEsgAWqQ,29625.0
8gsPLyPHubhLRiXCb,k8Fwo4bcTMuNuNWR9,25011.0
agwYAw3SCmBK9iCEe,KQ9F7PgqvNRi7fNAx,2122.0
agwYAw3SCmBK9iCEe,JZF27T62Fi5Grkn85,5861.0
agwYAw3SCmBK9iCEe,F8zeNSzQAiL46W49Z,12857.0
agwYAw3SCmBK9iCEe,6tffxhr9bwQcbqMd6,26586.0
agwYAw3SCmBK9iCEe,f4R5fnE3qjxJw8jhG,22460.0
agwYAw3SCmBK9iCEe,sycFuheBBtEsgAWqQ,35914.0
agwYAw3SCmBK9iCEe,k8Fwo4bcTMuNuNWR9,25526.0
ByFz3JPxvx3MPLKqx,KQ9F7PgqvNRi7fNAx,1396.0
ByFz3JPxvx3MPLKqx,JZF27T62Fi5Grkn85,5149.0
ByFz3JPxvx3MPLKqx,F8zeNSzQAiL46W49Z,11496.0
ByFz3JPxvx3MPLKqx,6tffxhr9bwQcbqMd6,20654.0
ByFz3JPxvx3MPLKqx,f4R5fnE3qjxJw8jhG,23089.0
ByFz3JPxvx3MPLKqx,sycFuheBBtEsgAWqQ,18952.0
ByFz3JPxvx3MPLKqx,k8Fwo4bcTMuNuNWR9,23834.0
kFCYE7sFvbaY9jvCC,KQ9F7PgqvNRi7fNAx,4834.0
kFCYE7sFvbaY9jvCC,JZF27T62Fi5Grkn85,8052.0
kFCYE7sFvbaY9jvCC,F8zeNSzQAiL46W49Z,10131.0
kFCYE7sFvbaY9jvCC,6tffxhr9bwQcbqMd6,37928.0
kFCYE7sFvbaY9jvCC,f4R5fnE3qjxJw8jhG,32689.0
kFCYE7sFvbaY9jvCC,sycFuheBBtEsgAWqQ,22646.0
kFCYE7sFvbaY9jvCC,k8Fwo4bcTMuNuNWR9,30252.0
hT67sftoKQZWaPitf,KQ9F7PgqvNRi7fNAx,2917.0
hT67sftoKQZWaPitf,JZF27T62Fi5Grkn85,6783.0
hT67sftoKQZWaPitf,F8zeNSzQAiL46W49Z,18699.0
hT67sftoKQZWaPitf,6tffxhr9bwQcbqMd6,20149.0
hT67sftoKQZWaPitf,f4R5fnE3qjxJw8jhG,33338.0
hT67sftoKQZWaPitf,sycFuheBBtEsgAWqQ,32844.0
hT67sftoKQZWaPitf,k8Fwo4bcTMuNuNWR9,42698.0
Fs7PxS3RaknDNkrCX,KQ9F7PgqvNRi7fNAx,32160.0
Fs7PxS3RaknDNkrCX,JZF27T62Fi5Grkn85,105896.0
Fs7PxS3RaknDNkrCX,F8zeNSzQAiL46W49Z,90784.0
Fs7PxS3RaknDNkrCX,6tffxhr9bwQcbqMd6,160619.0
Fs7PxS3RaknDNkrCX,f4R5fnE3qjxJw8jhG,875932.0
Fs7PxS3RaknDNkrCX,sycFuheBBtEsgAWqQ,306853.0
Fs7PxS3RaknDNkrCX,k8Fwo4bcTMuNuNWR9,505158.0
aTSyiGyMpYeHc9rYf,KQ9F7PgqvNRi7fNAx,2014.0
aTSyiGyMpYeHc9rYf,JZF27T62Fi5Grkn85,11112.0
aTSyiGyMpYeHc9rYf,F8zeNSzQAiL46W49Z,14853.0
aTSyiGyMpYeHc9rYf,6tffxhr9bwQcbqMd6,23384.0
aTSyiGyMpYeHc9rYf,f4R5fnE3qjxJw8jhG,16595.0
aTSyiGyMpYeHc9rYf,sycFuheBBtEsgAWqQ,29061.0
aTSyiGyMpYeHc9rYf,k8Fwo4bcTMuNuNWR9,50212.0
Cs8xin2ct3trr3uXY,KQ9F7PgqvNRi7fNAx,13823.0
Cs8xin2ct3trr3uXY,JZF27T62Fi5Grkn85,52018.0
Cs8xin2ct3trr3uXY,F8zeNSzQAiL46W49Z,112497.0
Cs8xin2ct3trr3uXY,6tffxhr9bwQcbqMd6,520252.0
Cs8xin2ct3trr3uXY,f4R5fnE3qjxJw8jhG,627827.0
Cs8xin2ct3trr3uXY,sycFuheBBtEsgAWqQ,215005.0
Cs8xin2ct3trr3uXY,k8Fwo4bcTMuNuNWR9,1295505.0
iNKaySbwPsgkfnKPM,KQ9F7PgqvNRi7fNAx,3923.0
iNKaySbwPsgkfnKPM,JZF27T62Fi5Grkn85,6948.0
iNKaySbwPsgkfnKPM,F8zeNSzQAiL46W49Z,11941.0
iNKaySbwPsgkfnKPM,6tffxhr9bwQcbqMd6,17545.0
iNKaySbwPsgkfnKPM,f4R5fnE3qjxJw8jhG,25176.0
iNKaySbwPsgkfnKPM,sycFuheBBtEsgAWqQ,27229.0
iNKaySbwPsgkfnKPM,k8Fwo4bcTMuNuNWR9,23206.0
DqwsHpgfNjtF2T6qM,KQ9F7PgqvNRi7fNAx,2683.0
DqwsHpgfNjtF2T6qM,JZF27T62Fi5Grkn85,5923.0
DqwsHpgfNjtF2T6qM,F8zeNSzQAiL46W49Z,8443.0
DqwsHpgfNjtF2T6qM,6tffxhr9bwQcbqMd6,27907.0
DqwsHpgfNjtF2T6qM,f4R5fnE3qjxJw8jhG,35250.0
DqwsHpgfNjtF2T6qM,sycFuheBBtEsgAWqQ,25554.0
DqwsHpgfNjtF2T6qM,k8Fwo4bcTMuNuNWR9,28840.0
ZxQQHgeMHzZW5x3gN,KQ9F7PgqvNRi7fNAx,3519.0
ZxQQHgeMHzZW5x3gN,JZF27T62Fi5Grkn85,7969.0
ZxQQHgeMHzZW5x3gN,F8zeNSzQAiL46W49Z,14594.0
ZxQQHgeMHzZW5x3gN,6tffxhr9bwQcbqMd6,32668.0
ZxQQHgeMHzZW5x3gN,f4R5fnE3qjxJw8jhG,22282.0
ZxQQHgeMHzZW5x3gN,sycFuheBBtEsgAWqQ,24414.0
ZxQQHgeMHzZW5x3gN,k8Fwo4bcTMuNuNWR9,25033.0
8ctySXJscC6XC22Zw,KQ9F7PgqvNRi7fNAx,2262.0
8ctySXJscC6XC22Zw,JZF27T62Fi5Grkn85,5504.0
8ctySXJscC6XC22Zw,F8zeNSzQAiL46W49Z,15302.0
8ctySXJscC6XC22Zw,6tffxhr9bwQcbqMd6,26651.0
8ctySXJscC6XC22Zw,f4R5fnE3qjxJw8jhG,25445.0
8ctySXJscC6XC22Zw,sycFuheBBtEsgAWqQ,32760.0
8ctySXJscC6XC22Zw,k8Fwo4bcTMuNuNWR9,27611.0
ayHuHTWfJJvHcY6F3,KQ9F7PgqvNRi7fNAx,4351.0
ayHuHTWfJJvHcY6F3,JZF27T62Fi5Grkn85,7006.0
ayHuHTWfJJvHcY6F3,F8zeNSzQAiL46W49Z,9940.0
ayHuHTWfJJvHcY6F3,6tffxhr9bwQcbqMd6,32511.0
ayHuHTWfJJvHcY6F3,f4R5fnE3qjxJw8jhG,25563.0
ayHuHTWfJJvHcY6F3,sycFuheBBtEsgAWqQ,31931.0
ayHuHTWfJJvHcY6F3,k8Fwo4bcTMuNuNWR9,29003.0
r7XSCFL4eL4X4fT6C,KQ9F7PgqvNRi7fNAx,3499.0
r7XSCFL4eL4X4fT6C,JZF27T62Fi5Grkn85,3802.0
r7XSCFL4eL4X4fT6C,F8zeNSzQAiL46W49Z,13929.0
r7XSCFL4eL4X4fT6C,6tffxhr9bwQcbqMd6,25451.0
r7XSCFL4eL4X4fT6C,f4R5fnE3qjxJw8jhG,26674.0
r7XSCFL4eL4X4fT6C,sycFuheBBtEsgAWqQ,21679.0
r7XSCFL4eL4X4fT6C,k8Fwo4bcTMuNuNWR9,31111.0
sYFEkq34doniNxf2x,KQ9F7PgqvNRi7fNAx,3062.0
sYFEkq34doniNxf2x,JZF27T62Fi5Grkn85,8759.0
sYFEkq34doniNxf2x,F8zeNSzQAiL46W49Z,13345.0
sYFEkq34doniNxf2x,6tffxhr9bwQcbqMd6,13855.0
sYFEkq34doniNxf2x,f4R5fnE3qjxJw8jhG,29255.0
sYFEkq34doniNxf2x,sycFuheBBtEsgAWqQ,29141.0
sYFEkq34doniNxf2x,k8Fwo4bcTMuNuNWR9,25278.0
y8PEeM5zyNDsgBtAq,KQ9F7PgqvNRi7fNAx,2145.0
y8PEeM5zyNDsgBtAq,JZF27T62Fi5Grkn85,8443.0
y8PEeM5zyNDsgBtAq,F8zeNSzQAiL46W49Z,11395.0
y8PEeM5zyNDsgBtAq,6tffxhr9bwQcbqMd6,26797.0
y8PEeM5zyNDsgBtAq,f4R5fnE3qjxJw8jhG,35305.0
y8PEeM5zyNDsgBtAq,sycFuheBBtEsgAWqQ,24706.0
y8PEeM5zyNDsgBtAq,k8Fwo4bcTMuNuNWR9,41946.0
v2Lejk9LKebCAagPn,KQ9F7PgqvNRi7fNAx,4165.0
v2Lejk9LKebCAagPn,JZF27T62Fi5Grkn85,9685.0
v2Lejk9LKebCAagPn,F8zeNSzQAiL46W49Z,11210.0
v2Lejk9LKebCAagPn,6tffxhr9bwQcbqMd6,19191.0
v2Lejk9LKebCAagPn,f4R5fnE3qjxJw8jhG,29647.0
v2Lejk9LKebCAagPn,sycFuheBBtEsgAWqQ,18372.0
v2Lejk9LKebCAagPn,k8Fwo4bcTMuNuNWR9,29776.0
NgDWPCCS7Y76rA2J4,KQ9F7PgqvNRi7fNAx,25200.0
NgDWPCCS7Y76rA2J4,JZF27T62Fi5Grkn85,69810.0
NgDWPCCS7Y76rA2J4,F8zeNSzQAiL46W49Z,92897.0
NgDWPCCS7Y76rA2J4,6tffxhr9bwQcbqMd6,340572.0
NgDWPCCS7Y76rA2J4,f4R5fnE3qjxJw8jhG,642102.0
NgDWPCCS7Y76rA2J4,sycFuheBBtEsgAWqQ,387696.0
NgDWPCCS7Y76rA2J4,k8Fwo4bcTMuNuNWR9,590685.0
gcELDrrccy5PumZFd,KQ9F7PgqvNRi7fNAx,4746.0
gcELDrrccy5PumZFd,JZF27T62Fi5Grkn85,7196.0
gcELDrrccy5PumZFd,F8zeNSzQAiL46W49Z,11215.0
gcELDrrccy5PumZFd,6tffxhr9bwQcbqMd6,16895.0
gcELDrrccy5PumZFd,f4R5fnE3qjxJw8jhG,26602.0
gcELDrrccy5PumZFd,sycFuheBBtEsgAWqQ,35766.0
gcELDrrccy5PumZFd,k8Fwo4bcTMuNuNWR9,28076.0
iyFnzCvSJ2xebyvd4,KQ9F7PgqvNRi7fNAx,3150.0
iyFnzCvSJ2xebyvd4,JZF27T62Fi5Grkn85,4712.0
iyFnzCvSJ2xebyvd4,F8zeNSzQAiL46W49Z,13558.0
iyFnzCvSJ2xebyvd4,6tffxhr9bwQcbqMd6,13342.0
iyFnzCvSJ2xebyvd4,f4R5fnE3qjxJw8jhG,27131.0
iyFnzCvSJ2xebyvd4,sycFuheBBtEsgAWqQ,26878.0
iyFnzCvSJ2xebyvd4,k8Fwo4bcTMuNuNWR9,27830.0
EuMGaAieqKusaLnHR,KQ9F7PgqvNRi7fNAx,3626.0
EuMGaAieqKusaLnHR,JZF27T62Fi5Grkn85,9160.0
EuMGaAieqKusaLnHR,F8zeNSzQAiL46W49Z,12541.0
EuMGaAieqKusaLnHR,6tffxhr9bwQcbqMd6,17702.0
EuMGaAieqKusaLnHR,f4R5fnE3qjxJw8jhG,35538.0
EuMGaAieqKusaLnHR,sycFuheBBtEsgAWqQ,17761.0
EuMGaAieqKusaLnHR,k8Fwo4bcTMuNuNWR9,22402.0
X78u6dppRA4h7reTh,KQ9F7PgqvNRi7fNAx,5719.0
X78u6dppRA4h7reTh,JZF27T62Fi5Grkn85,7482.0
X78u6dppRA4h7reTh,F8zeNSzQAiL46W49Z,16681.0
X78u6dppRA4h7reTh,6tffxhr9bwQcbqMd6,14969.0
X78u6dppRA4h7reTh,f4R5fnE3qjxJw8jhG,22163.0
X78u6dppRA4h7reTh,sycFuheBBtEsgAWqQ,31355.0
X78u6dppRA4h7reTh,k8Fwo4bcTMuNuNWR9,46693.0
5YyEGHpkEWnJxtZe7,KQ9F7PgqvNRi7fNAx,3104.0
5YyEGHpkEWnJxtZe7,JZF27T62Fi5Grkn85,4800.0
5YyEGHpkEWnJxtZe7,F8zeNSzQAiL46W49Z,15401.0
5YyEGHpkEWnJxtZe7,6tffxhr9bwQcbqMd6,19587.0
5YyEGHpkEWnJxtZe7,f4R5fnE3qjxJw8jhG,25608.0
5YyEGHpkEWnJxtZe7,sycFuheBBtEsgAWqQ,32882.0
5YyEGHpkEWnJxtZe7,k8Fwo4bcTMuNuNWR9,23730.0
TycRNo4YP9XeFCMCW,KQ9F7PgqvNRi7fNAx,4051.0
TycRNo4YP9XeFCMCW,JZF27T62Fi5Grkn85,3995.0
TycRNo4YP9XeFCMCW,F8zeNSzQAiL46W49Z,11869.0
TycRNo4YP9XeFCMCW,6tffxhr9bwQcbqMd6,19079.0
TycRNo4YP9XeFCMCW,f4R5fnE3qjxJw8jhG,41053.0
TycRNo4YP9XeFCMCW,sycFuheBBtEsgAWqQ,33731.0
TycRNo4YP9XeFCMCW,k8Fwo4bcTMuNuNWR9,21068.0
B8FuDJ3LXJzQrvSRC,KQ9F7PgqvNRi7fNAx,1480.0
B8FuDJ3LXJzQrvSRC,JZF27T62Fi5Grkn85,11951.0
B8FuDJ3LXJzQrvSRC,F8zeNSzQAiL46W49Z,12915.0
B8FuDJ3LXJzQrvSRC,6tffxhr9bwQcbqMd6,16981.0
B8FuDJ3LXJzQrvSRC,f4R5fnE3qjxJw8jhG,35697.0
B8FuDJ3LXJzQrvSRC,sycFuheBBtEsgAWqQ,19879.0
B8FuDJ3LXJzQrvSRC,k8Fwo4bcTMuNuNWR9,43115.0
XuNzGnQJHRMLkFYRs,KQ9F7PgqvNRi7fNAx,2993.0
XuNzGnQJHRMLkFYRs,JZF27T62Fi5Grkn85,6391.0
XuNzGnQJHRMLkFYRs,F8zeNSzQAiL46W49Z,14946.0
XuNzGnQJHRMLkFYRs,6tffxhr9bwQcbqMd6,27102.0
XuNzGnQJHRMLkFYRs,f4R5fnE3qjxJw8jhG,28375.0
XuNzGnQJHRMLkFYRs,sycFuheBBtEsgAWqQ,33076.0
XuNzGnQJHRMLkFYRs,k8Fwo4bcTMuNuNWR9,42543.0
vPA6FynSSRd2dzpKL,KQ9F7PgqvNRi7fNAx,1736.0
vPA6FynSSRd2dzpKL,JZF27T62Fi5Grkn85,6812.0
vPA6FynSSRd2dzpKL,F8zeNSzQAiL46W49Z,9103.0
vPA6FynSSRd2dzpKL,6tffxhr9bwQcbqMd6,40199.0
vPA6FynSSRd2dzpKL,f4R5fnE3qjxJw8jhG,35255.0
vPA6FynSSRd2dzpKL,sycFuheBBtEsgAWqQ,37562.0
vPA6FynSSRd2dzpKL,k8Fwo4bcTMuNuNWR9,29418.0
SKDHiaMK4qeynouvj,KQ9F7PgqvNRi7fNAx,4028.0
SKDHiaMK4qeynouvj,JZF27T62Fi5Grkn85,8739.0
SKDHiaMK4qeynouvj,F8zeNSzQAiL46W49Z,18980.0
SKDHiaMK4qeynouvj,6tffxhr9bwQcbqMd6,20760.0
SKDHiaMK4qeynouvj,f4R5fnE3qjxJw8jhG,42702.0
SKDHiaMK4qeynouvj,sycFuheBBtEsgAWqQ,24163.0
SKDHiaMK4qeynouvj,k8Fwo4bcTMuNuNWR9,28979.0
4nasapbMQBMiEHvoW,KQ9F7PgqvNRi7fNAx,1734.0
4nasapbMQBMiEHvoW,JZF27T62Fi5Grkn85,4981.0
4nasapbMQBMiEHvoW,F8zeNSzQAiL46W49Z,10757.0
4nasapbMQBMiEHvoW,6tffxhr9bwQcbqMd6,23887.0
4nasapbMQBMiEHvoW,f4R5fnE3qjxJw8jhG,35731.0
4nasapbMQBMiEHvoW,sycFuheBBtEsgAWqQ,20610.0
4nasapbMQBMiEHvoW,k8Fwo4bcTMuNuNWR9,25519.0
b5erSA7HASGBgE5R3,KQ9F7PgqvNRi7fNAx,11952.0
b5erSA7HASGBgE5R3,JZF27T62Fi5Grkn85,68635.0
b5erSA7HASGBgE5R3,F8zeNSzQAiL46W49Z,174042.0
b5erSA7HASGBgE5R3,6tffxhr9bwQcbqMd6,313594.0
b5erSA7HASGBgE5R3,f4R5fnE3qjxJw8jhG,1111284.0
b5erSA7HASGBgE5R3,sycFuheBBtEsgAWqQ,669343.0
b5erSA7HASGBgE5R3,k8Fwo4bcTMuNuNWR9,513203.0
TKb7bdhCQvS6oMteQ,KQ9F7PgqvNRi7fNAx,1613.0
TKb7bdhCQvS6oMteQ,JZF27T62Fi5Grkn85,9396.0
TKb7bdhCQvS6oMteQ,F8zeNSzQAiL46W49Z,12113.0
TKb7bdhCQvS6oMteQ,6tffxhr9bwQcbqMd6,22001.0
TKb7bdhCQvS6oMteQ,f4R5fnE3qjxJw8jhG,43947.0
TKb7bdhCQvS6oMteQ,sycFuheBBtEsgAWqQ,21127.0
TKb7bdhCQvS6oMteQ,k8Fwo4bcTMuNuNWR9,25310.0
q3DmGSeF7dwYpuAgj,KQ9F7PgqvNRi7fNAx,2680.0
q3DmGSeF7dwYpuAgj,JZF27T62Fi5Grkn85,5795.0
q3DmGSeF7dwYpuAgj,F8zeNSzQAiL46W49Z,9390.0
q3DmGSeF7dwYpuAgj,6tffxhr9bwQcbqMd6,16818.0
q3DmGSeF7dwYpuAgj,f4R5fnE3qjxJw8jhG,25472.0
q3DmGSeF7dwYpuAgj,sycFuheBBtEsgAWqQ,22158.0
q3DmGSeF7dwYpuAgj,k8Fwo4bcTMuNuNWR9,51037.0
HMjHEN2kG7jmttYHr,KQ9F7PgqvNRi7fNAx,4463.0
HMjHEN2kG7jmttYHr,JZF27T62Fi5Grkn85,7999.0
HMjHEN2kG7jmttYHr,F8zeNSzQAiL46W49Z,14716.0
HMjHEN2kG7jmttYHr,6tffxhr9bwQcbqMd6,18350.0
HMjHEN2kG7jmttYHr,f4R5fnE3qjxJw8jhG,32375.0
HMjHEN2kG7jmttYHr,sycFuheBBtEsgAWqQ,30827.0
HMjHEN2kG7jmttYHr,k8Fwo4bcTMuNuNWR9,40950.0
St4dkCo4B897bv4P3,KQ9F7PgqvNRi7fNAx,4309.0
St4dkCo4B897bv4P3,JZF27T62Fi5Grkn85,5307.0
St4dkCo4B897bv4P3,F8zeNSzQAiL46W49Z,13288.0
St4dkCo4B897bv4P3,6tffxhr9bwQcbqMd6,29846.0
St4dkCo4B897bv4P3,f4R5fnE3qjxJw8jhG,42210.0
St4dkCo4B897bv4P3,sycFuheBBtEsgAWqQ,38917.0
St4dkCo4B897bv4P3,k8Fwo4bcTMuNuNWR9,32741.0
S8rg5YHMKTo88hWku,KQ9F7PgqvNRi7fNAx,3817.0
S8rg5YHMKTo88hWku,JZF27T62Fi5Grkn85,5936.0
S8rg5YHMKTo88hWku,F8zeNSzQAiL46W49Z,8383.0
S8rg5YHMKTo88hWku,6tffxhr9bwQcbqMd6,20779.0
S8rg5YHMKTo88hWku,f4R5fnE3qjxJw8jhG,25865.0
S8rg5YHMKTo88hWku,sycFuheBBtEsgAWqQ,19627.0
S8rg5YHMKTo88hWku,k8Fwo4bcTMuNuNWR9,22452.0
FvEsg6uMz242qBK3z,KQ9F7PgqvNRi7fNAx,14762.0
FvEsg6uMz242qBK3z,JZF27T62Fi5Grkn85,53764.0
FvEsg6uMz242qBK3z,F8zeNSzQAiL46W49Z,178445.0
FvEsg6uMz242qBK3z,6tffxhr9bwQcbqMd6,265817.0
FvEsg6uMz242qBK3z,f4R5fnE3qjxJw8jhG,374020.0
FvEsg6uMz242qBK3z,sycFuheBBtEsgAWqQ,223365.0
FvEsg6uMz242qBK3z,k8Fwo4bcTMuNuNWR9,422075.0
jCedgcmdLDEJCmZb5,KQ9F7PgqvNRi7fNAx,5103.0
jCedgcmdLDEJCmZb5,JZF27T62Fi5Grkn85,8598.0
jCedgcmdLDEJCmZb5,F8zeNSzQAiL46W49Z,22070.0
jCedgcmdLDEJCmZb5,6tffxhr9bwQcbqMd6,16182.0
jCedgcmdLDEJCmZb5,f4R5fnE3qjxJw8jhG,28065.0
jCedgcmdLDEJCmZb5,sycFuheBBtEsgAWqQ,33878.0
jCedgcmdLDEJCmZb5,k8Fwo4bcTMuNuNWR9,26477.0
ZYeAS2miCnqAByPSF,KQ9F7PgqvNRi7fNAx,1903.0
ZYeAS2miCnqAByPSF,JZF27T62Fi5Grkn85,7489.0
ZYeAS2miCnqAByPSF,F8zeNSzQAiL46W49Z,18391.0
ZYeAS2miCnqAByPSF,6tffxhr9bwQcbqMd6,25759.0
ZYeAS2miCnqAByPSF,f4R5fnE3qjxJw8jhG,40541.0
ZYeAS2miCnqAByPSF,sycFuheBBtEsgAWqQ,20312.0
ZYeAS2miCnqAByPSF,k8Fwo4bcTMuNuNWR9,34041.0
6EeGCsBK2L9iaSawx,KQ9F7PgqvNRi7fNAx,3997.0
6EeGCsBK2L9iaSawx,JZF27T62Fi5Grkn85,4116.0
6EeGCsBK2L9iaSawx,F8zeNSzQAiL46W49Z,12867.0
6EeGCsBK2L9iaSawx,6tffxhr9bwQcbqMd6,22712.0
6EeGCsBK2L9iaSawx,f4R5fnE3qjxJw8jhG,37987.0
6EeGCsBK2L9iaSawx,sycFuheBBtEsgAWqQ,41012.0
6EeGCsBK2L9iaSawx,k8Fwo4bcTMuNuNWR9,45435.0
PEpSfjZc78sSyJKFd,KQ9F7PgqvNRi7fNAx,4073.0
PEpSfjZc78sSyJKFd,JZF27T62Fi5Grkn85,9138.0
PEpSfjZc78sSyJKFd,F8zeNSzQAiL46W49Z,8415.0
PEpSfjZc78sSyJKFd,6tffxhr9bwQcbqMd6,22677.0
PEpSfjZc78sSyJKFd,f4R5fnE3qjxJw8jhG,34965.0
PEpSfjZc78sSyJKFd,sycFuheBBtEsgAWqQ,17862.0
PEpSfjZc78sSyJKFd,k8Fwo4bcTMuNuNWR9,51572.0
6gxCAdz3pqhGHmyEh,KQ9F7PgqvNRi7fNAx,2893.0
6gxCAdz3pqhGHmyEh,JZF27T62Fi5Grkn85,6319.0
6gxCAdz3pqhGHmyEh,F8zeNSzQAiL46W49Z,11747.0
6gxCAdz3pqhGHmyEh,6tffxhr9bwQcbqMd6,31591.0
6gxCAdz3pqhGHmyEh,f4R5fnE3qjxJw8jhG,26843.0
6gxCAdz3pqhGHmyEh,sycFuheBBtEsgAWqQ,30380.0
6gxCAdz3pqhGHmyEh,k8Fwo4bcTMuNuNWR9,20027.0
SAqe8qdTx4neNomWq,KQ9F7PgqvNRi7fNAx,5182.0
SAqe8qdTx4neNomWq,JZF27T62Fi5Grkn85,5730.0
SAqe8qdTx4neNomWq,F8zeNSzQAiL46W49Z,22858.0
SAqe8qdTx4neNomWq,6tffxhr9bwQcbqMd6,17762.0
SAqe8qdTx4neNomWq,f4R5fnE3qjxJw8jhG,20930.0
SAqe8qdTx4neNomWq,sycFuheBBtEsgAWqQ,28231.0
SAqe8qdTx4neNomWq,k8Fwo4bcTMuNuNWR9,26214.0
t4yfiPCTdxpPurLCr,KQ9F7PgqvNRi7fNAx,4071.0
t4yfiPCTdxpPurLCr,JZF27T62Fi5Grkn85,7104.0
t4yfiPCTdxpPurLCr,F8zeNSzQAiL46W49Z,9786.0
t4yfiPCTdxpPurLCr,6tffxhr9bwQcbqMd6,25960.0
t4yfiPCTdxpPurLCr,f4R5fnE3qjxJw8jhG,24062.0
t4yfiPCTdxpPurLCr,sycFuheBBtEsgAWqQ,31798.0
t4yfiPCTdxpPurLCr,k8Fwo4bcTMuNuNWR9,28484.0
qQq5WvC4hnjeYkCut,KQ9F7PgqvNRi7fNAx,2478.0
qQq5WvC4hnjeYkCut,JZF27T62Fi5Grkn85,4931.0
qQq5WvC4hnjeYkCut,F8zeNSzQAiL46W49Z,14020.0
qQq5WvC4hnjeYkCut,6tffxhr9bwQcbqMd6,21265.0
qQq5WvC4hnjeYkCut,f4R5fnE3qjxJw8jhG,28291.0
qQq5WvC4hnjeYkCut,sycFuheBBtEsgAWqQ,24975.0
qQq5WvC4hnjeYkCut,k8Fwo4bcTMuNuNWR9,33454.0
YhwQ7EDghEgdcMn8v,KQ9F7PgqvNRi7fNAx,2425.0
YhwQ7EDghEgdcMn8v,JZF27T62Fi5Grkn85,11975.0
YhwQ7EDghEgdcMn8v,F8zeNSzQAiL46W49Z,10995.0
YhwQ7EDghEgdcMn8v,6tffxhr9bwQcbqMd6,25893.0
YhwQ7EDghEgdcMn8v,f4R5fnE3qjxJw8jhG,42523.0
YhwQ7EDghEgdcMn8v,sycFuheBBtEsgAWqQ,20143.0
YhwQ7EDghEgdcMn8v,k8Fwo4bcTMuNuNWR9,39626.0
5T9A2iHu3FkLw3iBw,KQ9F7PgqvNRi7fNAx,2905.0
5T9A2iHu3FkLw3iBw,JZF27T62Fi5Grkn85,4749.0
5T9A2iHu3FkLw3iBw,F8zeNSzQAiL46W49Z,13420.0
5T9A2iHu3FkLw3iBw,6tffxhr9bwQcbqMd6,16032.0
5T9A2iHu3FkLw3iBw,f4R5fnE3qjxJw8jhG,36464.0
5T9A2iHu3FkLw3iBw,sycFuheBBtEsgAWqQ,26969.0
5T9A2iHu3FkLw3iBw,k8Fwo4bcTMuNuNWR9,23179.0
aozznefkjuTnQknxz,KQ9F7PgqvNRi7fNAx,4488.0
aozznefkjuTnQknxz,JZF27T62Fi5Grkn85,8128.0
aozznefkjuTnQknxz,F8zeNSzQAiL46W49Z,20518.0
aozznefkjuTnQknxz,6tffxhr9bwQcbqMd6,14782.0
aozznefkjuTnQknxz,f4R5fnE3qjxJw8jhG,46453.0
aozznefkjuTnQknxz,sycFuheBBtEsgAWqQ,25699.0
aozznefkjuTnQknxz,k8Fwo4bcTMuNuNWR9,51189.0
SvoWxfCdBr5yCu2Qn,KQ9F7PgqvNRi7fNAx,3639.0
SvoWxfCdBr5yCu2Qn,JZF27T62Fi5Grkn85,9852.0
SvoWxfCdBr5yCu2Qn,F8zeNSzQAiL46W49Z,16602.0
SvoWxfCdBr5yCu2Qn,6tffxhr9bwQcbqMd6,41206.0
SvoWxfCdBr5yCu2Qn,f4R5fnE3qjxJw8jhG,36096.0
SvoWxfCdBr5yCu2Qn,sycFuheBBtEsgAWqQ,28759.0
SvoWxfCdBr5yCu2Qn,k8Fwo4bcTMuNuNWR9,35960.0
JRfWMFd8ekQDd2hPa,KQ9F7PgqvNRi7fNAx,3891.0
JRfWMFd8ekQDd2hPa,JZF27T62Fi5Grkn85,9724.0
JRfWMFd8ekQDd2hPa,F8zeNSzQAiL46W49Z,14460.0
JRfWMFd8ekQDd2hPa,6tffxhr9bwQcbqMd6,18726.0
JRfWMFd8ekQDd2hPa,f4R5fnE3qjxJw8jhG,25491.0
JRfWMFd8ekQDd2hPa,sycFuheBBtEsgAWqQ,41269.0
JRfWMFd8ekQDd2hPa,k8Fwo4bcTMuNuNWR9,24347.0
v2JhmZE2zsZaBNkpR,KQ9F7PgqvNRi7fNAx,4686.0
v2JhmZE2zsZaBNkpR,JZF27T62Fi5Grkn85,4447.0
v2JhmZE2zsZaBNkpR,F8zeNSzQAiL46W49Z,9394.0
v2JhmZE2zsZaBNkpR,6tffxhr9bwQcbqMd6,34986.0
v2JhmZE2zsZaBNkpR,f4R5fnE3qjxJw8jhG,46826.0
v2JhmZE2zsZaBNkpR,sycFuheBBtEsgAWqQ,34552.0
v2JhmZE2zsZaBNkpR,k8Fwo4bcTMuNuNWR9,31335.0
c2xKFvv65Bmqdyx4k,KQ9F7PgqvNRi7fNAx,5468.0
c2xKFvv65Bmqdyx4k,JZF27T62Fi5Grkn85,4314.0
c2xKFvv65Bmqdyx4k,F8zeNSzQAiL46W49Z,18054.0
c2xKFvv65Bmqdyx4k,6tffxhr9bwQcbqMd6,19115.0
c2xKFvv65Bmqdyx4k,f4R5fnE3qjxJw8jhG,23706.0
c2xKFvv65Bmqdyx4k,sycFuheBBtEsgAWqQ,22162.0
c2xKFvv65Bmqdyx4k,k8Fwo4bcTMuNuNWR9,24016.0
Eo6vEqny7zx4B3enB,KQ9F7PgqvNRi7fNAx,2601.0
Eo6vEqny7zx4B3enB,JZF27T62Fi5Grkn85,4623.0
Eo6vEqny7zx4B3enB,F8zeNSzQAiL46W49Z,11273.0
Eo6vEqny7zx4B3enB,6tffxhr9bwQcbqMd6,20860.0
Eo6vEqny7zx4B3enB,f4R5fnE3qjxJw8jhG,31526.0
Eo6vEqny7zx4B3enB,sycFuheBBtEsgAWqQ,34065.0
Eo6vEqny7zx4B3enB,k8Fwo4bcTMuNuNWR9,19218.0
RRKoftjPREGAxss8g,KQ9F7PgqvNRi7fNAx,3925.0
RRKoftjPREGAxss8g,JZF27T62Fi5Grkn85,4855.0
RRKoftjPREGAxss8g,F8zeNSzQAiL46W49Z,23110.0
RRKoftjPREGAxss8g,6tffxhr9bwQcbqMd6,20767.0
RRKoftjPREGAxss8g,f4R5fnE3qjxJw8jhG,22983.0
RRKoftjPREGAxss8g,sycFuheBBtEsgAWqQ,48304.0
RRKoftjPREGAxss8g,k8Fwo4bcTMuNuNWR9,33886.0
9JX7YzF6749axy4R3,KQ9F7PgqvNRi7fNAx,4861.0
9JX7YzF6749axy4R3,JZF27T62Fi5Grkn85,5938.0
9JX7YzF6749axy4R3,F8zeNSzQAiL46W49Z,11217.0
9JX7YzF6749axy4R3,6tffxhr9bwQcbqMd6,25360.0
9JX7YzF6749axy4R3,f4R5fnE3qjxJw8jhG,21829.0
9JX7YzF6749axy4R3,sycFuheBBtEsgAWqQ,19892.0
9JX7YzF6749axy4R3,k8Fwo4bcTMuNuNWR9,28072.0
s2Dqpbrz5c5wKXrEC,KQ9F7PgqvNRi7fNAx,4121.0
s2Dqpbrz5c5wKXrEC,JZF27T62Fi5Grkn85,5262.0
s2Dqpbrz5c5wKXrEC,F8zeNSzQAiL46W49Z,13964.0
s2Dqpbrz5c5wKXrEC,6tffxhr9bwQcbqMd6,23509.0
s2Dqpbrz5c5wKXrEC,f4R5fnE3qjxJw8jhG,46947.0
s2Dqpbrz5c5wKXrEC,sycFuheBBtEsgAWqQ,50423.0
s2Dqpbrz5c5wKXrEC,k8Fwo4bcTMuNuNWR9,43011.0
pLqPKLnJhbE6nGTgH,KQ9F7PgqvNRi7fNAx,3699.0
pLqPKLnJhbE6nGTgH,JZF27T62Fi5Grkn85,6775.0
pLqPKLnJhbE6nGTgH,F8zeNSzQAiL46W49Z,13569.0
pLqPKLnJhbE6nGTgH,6tffxhr9bwQcbqMd6,32604.0
pLqPKLnJhbE6nGTgH,f4R5fnE3qjxJw8jhG,21709.0
pLqPKLnJhbE6nGTgH,sycFuheBBtEsgAWqQ,36291.0
pLqPKLnJhbE6nGTgH,k8Fwo4bcTMuNuNWR9,33385.0
nb3a8p2GdYsHnSJwG,KQ9F7PgqvNRi7fNAx,21178.0
nb3a8p2GdYsHnSJwG,JZF27T62Fi5Grkn85,92850.0
nb3a8p2GdYsHnSJwG,F8zeNSzQAiL46W49Z,98192.0
nb3a8p2GdYsHnSJwG,6tffxhr9bwQcbqMd6,366772.0
nb3a8p2GdYsHnSJwG,f4R5fnE3qjxJw8jhG,271889.0
nb3a8p2GdYsHnSJwG,sycFuheBBtEsgAWqQ,321160.0
nb3a8p2GdYsHnSJwG,k8Fwo4bcTMuNuNWR9,540081.0
Zq5wN3pWKvohakDqD,KQ9F7PgqvNRi7fNAx,6369.0
Zq5wN3pWKvohakDqD,JZF27T62Fi5Grkn85,8702.0
Zq5wN3pWKvohakDqD,F8zeNSzQAiL46W49Z,22268.0
Zq5wN3pWKvohakDqD,6tffxhr9bwQcbqMd6,20308.0
Zq5wN3pWKvohakDqD,f4R5fnE3qjxJw8jhG,49184.0
Zq5wN3pWKvohakDqD,sycFuheBBtEsgAWqQ,21313.0
Zq5wN3pWKvohakDqD,k8Fwo4bcTMuNuNWR9,29857.0
GSFHmG5KDSXazb5Zz,KQ9F7PgqvNRi7fNAx,4345.0
GSFHmG5KDSXazb5Zz,JZF27T62Fi5Grkn85,5909.0
GSFHmG5KDSXazb5Zz,F8zeNSzQAiL46W49Z,26412.0
GSFHmG5KDSXazb5Zz,6tffxhr9bwQcbqMd6,20289.0
GSFHmG5KDSXazb5Zz,f4R5fnE3qjxJw8jhG,40321.0
GSFHmG5KDSXazb5Zz,sycFuheBBtEsgAWqQ,42196.0
GSFHmG5KDSXazb5Zz,k8Fwo4bcTMuNuNWR9,19176.0
hCpyfrTzBCRYGc8jr,KQ9F7PgqvNRi7fNAx,2922.0
hCpyfrTzBCRYGc8jr,JZF27T62Fi5Grkn85,5528.0
hCpyfrTzBCRYGc8jr,F8zeNSzQAiL46W49Z,14069.0
hCpyfrTzBCRYGc8jr,6tffxhr9bwQcbqMd6,26865.0
hCpyfrTzBCRYGc8jr,f4R5fnE3qjxJw8jhG,41944.0
hCpyfrTzBCRYGc8jr,sycFuheBBtEsgAWqQ,19151.0
hCpyfrTzBCRYGc8jr,k8Fwo4bcTMuNuNWR9,32307.0
FddSnbkB8yh3yNtbB,KQ9F7PgqvNRi7fNAx,2157.0
FddSnbkB8yh3yNtbB,JZF27T62Fi5Grkn85,4663.0
FddSnbkB8yh3yNtbB,F8zeNSzQAiL46W49Z,18814.0
FddSnbkB8yh3yNtbB,6tffxhr9bwQcbqMd6,20620.0
FddSnbkB8yh3yNtbB,f4R5fnE3qjxJw8jhG,30765.0
FddSnbkB8yh3yNtbB,sycFuheBBtEsgAWqQ,17313.0
FddSnbkB8yh3yNtbB,k8Fwo4bcTMuNuNWR9,21920.0
teh5cQJb45xKRFC2G,KQ9F7PgqvNRi7fNAx,2013.0
teh5cQJb45xKRFC2G,JZF27T62Fi5Grkn85,6000.0
teh5cQJb45xKRFC2G,F8zeNSzQAiL46W49Z,23170.0
teh5cQJb45xKRFC2G,6tffxhr9bwQcbqMd6,24924.0
teh5cQJb45xKRFC2G,f4R5fnE3qjxJw8jhG,22883.0
teh5cQJb45xKRFC2G,sycFuheBBtEsgAWqQ,24847.0
teh5cQJb45xKRFC2G,k8Fwo4bcTMuNuNWR9,34740.0
H8sEJ6wL47Md4gPch,KQ9F7PgqvNRi7fNAx,4174.0
H8sEJ6wL47Md4gPch,JZF27T62Fi5Grkn85,8255.0
H8sEJ6wL47Md4gPch,F8zeNSzQAiL46W49Z,11365.0
H8sEJ6wL47Md4gPch,6tffxhr9bwQcbqMd6,23423.0
H8sEJ6wL47Md4gPch,f4R5fnE3qjxJw8jhG,29293.0
H8sEJ6wL47Md4gPch,sycFuheBBtEsgAWqQ,26416.0
H8sEJ6wL47Md4gPch,k8Fwo4bcTMuNuNWR9,39937.0
fwBFrXn9dgZXAY8cT,KQ9F7PgqvNRi7fNAx,3079.0
fwBFrXn9dgZXAY8cT,JZF27T62Fi5Grkn85,3809.0
fwBFrXn9dgZXAY8cT,F8zeNSzQAiL46W49Z,14435.0
fwBFrXn9dgZXAY8cT,6tffxhr9bwQcbqMd6,22422.0
fwBFrXn9dgZXAY8cT,f4R5fnE3qjxJw8jhG,29138.0
fwBFrXn9dgZXAY8cT,sycFuheBBtEsgAWqQ,26982.0
fwBFrXn9dgZXAY8cT,k8Fwo4bcTMuNuNWR9,19582.0
f5cPKbsSBpwAt7236,KQ9F7PgqvNRi7fNAx,2141.0
f5cPKbsSBpwAt7236,JZF27T62Fi5Grkn85,9153.0
f5cPKbsSBpwAt7236,F8zeNSzQAiL46W49Z,16438.0
f5cPKbsSBpwAt7236,6tffxhr9bwQcbqMd6,31123.0
f5cPKbsSBpwAt7236,f4R5fnE3qjxJw8jhG,34586.0
f5cPKbsSBpwAt7236,sycFuheBBtEsgAWqQ,29471.0
f5cPKbsSBpwAt7236,k8Fwo4bcTMuNuNWR9,26464.0
wMF6Cnp5SkLiv8Dpp,KQ9F7PgqvNRi7fNAx,2771.0
wMF6Cnp5SkLiv8Dpp,JZF27T62Fi5Grkn85,4467.0
wMF6Cnp5SkLiv8Dpp,F8zeNSzQAiL46W49Z,17873.0
wMF6Cnp5SkLiv8Dpp,6tffxhr9bwQcbqMd6,22720.0
wMF6Cnp5SkLiv8Dpp,f4R5fnE3qjxJw8jhG,22600.0
wMF6Cnp5SkLiv8Dpp,sycFuheBBtEsgAWqQ,27358.0
wMF6Cnp5SkLiv8Dpp,k8Fwo4bcTMuNuNWR9,22862.0
aBDRiBCZ8HLbgGhhr,KQ9F7PgqvNRi7fNAx,4966.0
aBDRiBCZ8HLbgGhhr,JZF27T62Fi5Grkn85,7084.0
aBDRiBCZ8HLbgGhhr,F8zeNSzQAiL46W49Z,13239.0
aBDRiBCZ8HLbgGhhr,6tffxhr9bwQcbqMd6,38990.0
aBDRiBCZ8HLbgGhhr,f4R5fnE3qjxJw8jhG,33468.0
aBDRiBCZ8HLbgGhhr,sycFuheBBtEsgAWqQ,23715.0
aBDRiBCZ8HLbgGhhr,k8Fwo4bcTMuNuNWR9,40323.0
gzf8sJP5G3EyL8bYq,KQ9F7PgqvNRi7fNAx,3068.0
gzf8sJP5G3EyL8bYq,JZF27T62Fi5Grkn85,8179.0
gzf8sJP5G3EyL8bYq,F8zeNSzQAiL46W49Z,21800.0
gzf8sJP5G3EyL8bYq,6tffxhr9bwQcbqMd6,21189.0
gzf8sJP5G3EyL8bYq,f4R5fnE3qjxJw8jhG,19064.0
gzf8sJP5G3EyL8bYq,sycFuheBBtEsgAWqQ,24483.0
gzf8sJP5G3EyL8bYq,k8Fwo4bcTMuNuNWR9,24422.0
ZthuyF44YyC3rNzre,KQ9F7PgqvNRi7fNAx,37245.0
ZthuyF44YyC3rNzre,JZF27T62Fi5Grkn85,36334.0
ZthuyF44YyC3rNzre,F8zeNSzQAiL46W49Z,90697.0
ZthuyF44YyC3rNzre,6tffxhr9bwQcbqMd6,364716.0
ZthuyF44YyC3rNzre,f4R5fnE3qjxJw8jhG,730469.0
ZthuyF44YyC3rNzre,sycFuheBBtEsgAWqQ,185372.0
ZthuyF44YyC3rNzre,k8Fwo4bcTMuNuNWR9,509850.0
QQorRdRiSkHQdL4gX,KQ9F7PgqvNRi7fNAx,5027.0
QQorRdRiSkHQdL4gX,JZF27T62Fi5Grkn85,9979.0
QQorRdRiSkHQdL4gX,F8zeNSzQAiL46W49Z,12046.0
QQorRdRiSkHQdL4gX,6tffxhr9bwQcbqMd6,29778.0
QQorRdRiSkHQdL4gX,f4R5fnE3qjxJw8jhG,46623.0
QQorRdRiSkHQdL4gX,sycFuheBBtEsgAWqQ,27121.0
QQorRdRiSkHQdL4gX,k8Fwo4bcTMuNuNWR9,40123.0
BNqXjxrYFP85kPzjm,KQ9F7PgqvNRi7fNAx,5083.0
BNqXjxrYFP85kPzjm,JZF27T62Fi5Grkn85,6237.0
BNqXjxrYFP85kPzjm,F8zeNSzQAiL46W49Z,24247.0
BNqXjxrYFP85kPzjm,6tffxhr9bwQcbqMd6,23283.0
BNqXjxrYFP85kPzjm,f4R5fnE3qjxJw8jhG,37598.0
BNqXjxrYFP85kPzjm,sycFuheBBtEsgAWqQ,22831.0
BNqXjxrYFP85kPzjm,k8Fwo4bcTMuNuNWR9,25299.0
om5AzLkZPTo3bbc7b,KQ9F7PgqvNRi7fNAx,3134.0
om5AzLkZPTo3bbc7b,JZF27T62Fi5Grkn85,6217.0
om5AzLkZPTo3bbc7b,F8zeNSzQAiL46W49Z,12093.0
om5AzLkZPTo3bbc7b,6tffxhr9bwQcbqMd6,14436.0
om5AzLkZPTo3bbc7b,f4R5fnE3qjxJw8jhG,21874.0
om5AzLkZPTo3bbc7b,sycFuheBBtEsgAWqQ,18960.0
om5AzLkZPTo3bbc7b,k8Fwo4bcTMuNuNWR9,46182.0
Ri5empekAY8YShkon,KQ9F7PgqvNRi7fNAx,2012.0
Ri5empekAY8YShkon,JZF27T62Fi5Grkn85,6383.0
Ri5empekAY8YShkon,F8zeNSzQAiL46W49Z,15592.0
Ri5empekAY8YShkon,6tffxhr9bwQcbqMd6,14402.0
Ri5empekAY8YShkon,f4R5fnE3qjxJw8jhG,25967.0
Ri5empekAY8YShkon,sycFuheBBtEsgAWqQ,37256.0
Ri5empekAY8YShkon,k8Fwo4bcTMuNuNWR9,29445.0
HRoJ6jerGEHAMukcs,KQ9F7PgqvNRi7fNAx,2419.0
HRoJ6jerGEHAMukcs,JZF27T62Fi5Grkn85,8883.0
HRoJ6jerGEHAMukcs,F8zeNSzQAiL46W49Z,22023.0
HRoJ6jerGEHAMukcs,6tffxhr9bwQcbqMd6,17580.0
HRoJ6jerGEHAMukcs,f4R5fnE3qjxJw8jhG,41414.0
HRoJ6jerGEHAMukcs,sycFuheBBtEsgAWqQ,22266.0
HRoJ6jerGEHAMukcs,k8Fwo4bcTMuNuNWR9,23247.0
o9PG88KmydNvuiwQ6,KQ9F7PgqvNRi7fNAx,3528.0
o9PG88KmydNvuiwQ6,JZF27T62Fi5Grkn85,9215.0
o9PG88KmydNvuiwQ6,F8zeNSzQAiL46W49Z,19863.0
o9PG88KmydNvuiwQ6,6tffxhr9bwQcbqMd6,22048.0
o9PG88KmydNvuiwQ6,f4R5fnE3qjxJw8jhG,23389.0
o9PG88KmydNvuiwQ6,sycFuheBBtEsgAWqQ,20342.0
o9PG88KmydNvuiwQ6,k8Fwo4bcTMuNuNWR9,56928.0
vbWf7Wm2kY6YDF3SW,KQ9F7PgqvNRi7fNAx,1603.0
vbWf7Wm2kY6YDF3SW,JZF27T62Fi5Grkn85,6862.0
vbWf7Wm2kY6YDF3SW,F8zeNSzQAiL46W49Z,15116.0
vbWf7Wm2kY6YDF3SW,6tffxhr9bwQcbqMd6,24024.0
vbWf7Wm2kY6YDF3SW,f4R5fnE3qjxJw8jhG,34935.0
vbWf7Wm2kY6YDF3SW,sycFuheBBtEsgAWqQ,18431.0
vbWf7Wm2kY6YDF3SW,k8Fwo4bcTMuNuNWR9,30694.0
iPntv8P6RE5nKtBTe,KQ9F7PgqvNRi7fNAx,2494.0
iPntv8P6RE5nKtBTe,JZF27T62Fi5Grkn85,4951.0
iPntv8P6RE5nKtBTe,F8zeNSzQAiL46W49Z,21864.0
iPntv8P6RE5nKtBTe,6tffxhr9bwQcbqMd6,27974.0
iPntv8P6RE5nKtBTe,f4R5fnE3qjxJw8jhG,35380.0
iPntv8P6RE5nKtBTe,sycFuheBBtEsgAWqQ,20625.0
iPntv8P6RE5nKtBTe,k8Fwo4bcTMuNuNWR9,30048.0
H5koJXe45R9dMva2K,KQ9F7PgqvNRi7fNAx,3601.0
H5koJXe45R9dMva2K,JZF27T62Fi5Grkn85,7687.0
H5koJXe45R9dMva2K,F8zeNSzQAiL46W49Z,13483.0
H5koJXe45R9dMva2K,6tffxhr9bwQcbqMd6,20533.0
H5koJXe45R9dMva2K,f4R5fnE3qjxJw8jhG,49894.0
H5koJXe45R9dMva2K,sycFuheBBtEsgAWqQ,23912.0
H5koJXe45R9dMva2K,k8Fwo4bcTMuNuNWR9,30513.0
G9ToSAMNorGtGYvzZ,KQ9F7PgqvNRi7fNAx,5666.0
G9ToSAMNorGtGYvzZ,JZF27T62Fi5Grkn85,5449.0
G9ToSAMNorGtGYvzZ,F8zeNSzQAiL46W49Z,15224.0
G9ToSAMNorGtGYvzZ,6tffxhr9bwQcbqMd6,35551.0
G9ToSAMNorGtGYvzZ,f4R5fnE3qjxJw8jhG,35392.0
G9ToSAMNorGtGYvzZ,sycFuheBBtEsgAWqQ,25610.0
G9ToSAMNorGtGYvzZ,k8Fwo4bcTMuNuNWR9,35875.0
Xqvo77o8Ph35NcBXL,KQ9F7PgqvNRi7fNAx,3442.0
Xqvo77o8Ph35NcBXL,JZF27T62Fi5Grkn85,4244.0
Xqvo77o8Ph35NcBXL,F8zeNSzQAiL46W49Z,11154.0
Xqvo77o8Ph35NcBXL,6tffxhr9bwQcbqMd6,17530.0
Xqvo77o8Ph35NcBXL,f4R5fnE3qjxJw8jhG,19454.0
Xqvo77o8Ph35NcBXL,sycFuheBBtEsgAWqQ,24058.0
Xqvo77o8Ph35NcBXL,k8Fwo4bcTMuNuNWR9,29991.0
ZhQF96XFJ5G8YA8Px,KQ9F7PgqvNRi7fNAx,2255.0
ZhQF96XFJ5G8YA8Px,JZF27T62Fi5Grkn85,7263.0
ZhQF96XFJ5G8YA8Px,F8zeNSzQAiL46W49Z,14718.0
ZhQF96XFJ5G8YA8Px,6tffxhr9bwQcbqMd6,31356.0
ZhQF96XFJ5G8YA8Px,f4R5fnE3qjxJw8jhG,30077.0
ZhQF96XFJ5G8YA8Px,sycFuheBBtEsgAWqQ,43539.0
ZhQF96XFJ5G8YA8Px,k8Fwo4bcTMuNuNWR9,24234.0
rtEYmsiQivp78vEAh,KQ9F7PgqvNRi7fNAx,2511.0
rtEYmsiQivp78vEAh,JZF27T62Fi5Grkn85,8390.0
rtEYmsiQivp78vEAh,F8zeNSzQAiL46W49Z,14305.0
rtEYmsiQivp78vEAh,6tffxhr9bwQcbqMd6,34831.0
rtEYmsiQivp78vEAh,f4R5fnE3qjxJw8jhG,21573.0
rtEYmsiQivp78vEAh,sycFuheBBtEsgAWqQ,37369.0
rtEYmsiQivp78vEAh,k8Fwo4bcTMuNuNWR9,35324.0
qEio3mcTBg4fHySLb,KQ9F7PgqvNRi7fNAx,21862.0
qEio3mcTBg4fHySLb,JZF27T62Fi5Grkn85,75856.0
qEio3mcTBg4fHySLb,F8zeNSzQAiL46W49Z,338112.0
qEio3mcTBg4fHySLb,6tffxhr9bwQcbqMd6,262233.0
qEio3mcTBg4fHySLb,f4R5fnE3qjxJw8jhG,287423.0
qEio3mcTBg4fHySLb,sycFuheBBtEsgAWqQ,553455.0
qEio3mcTBg4fHySLb,k8Fwo4bcTMuNuNWR9,1765995.0
Ebau38WLASRDedxzQ,KQ9F7PgqvNRi7fNAx,2857.0
Ebau38WLASRDedxzQ,JZF27T62Fi5Grkn85,3424.0
Ebau38WLASRDedxzQ,F8zeNSzQAiL46W49Z,15903.0
Ebau38WLASRDedxzQ,6tffxhr9bwQcbqMd6,17165.0
Ebau38WLASRDedxzQ,f4R5fnE3qjxJw8jhG,37469.0
Ebau38WLASRDedxzQ,sycFuheBBtEsgAWqQ,16299.0
Ebau38WLASRDedxzQ,k8Fwo4bcTMuNuNWR9,35534.0
RYgqEixwTwFKaX9vc,KQ9F7PgqvNRi7fNAx,2281.0
RYgqEixwTwFKaX9vc,JZF27T62Fi5Grkn85,5910.0
RYgqEixwTwFKaX9vc,F8zeNSzQAiL46W49Z,20795.0
RYgqEixwTwFKaX9vc,6tffxhr9bwQcbqMd6,16491.0
RYgqEixwTwFKaX9vc,f4R5fnE3qjxJw8jhG,30657.0
RYgqEixwTwFKaX9vc,sycFuheBBtEsgAWqQ,33307.0
RYgqEixwTwFKaX9vc,k8Fwo4bcTMuNuNWR9,22240.0
San8diuEArYWs23tG,KQ9F7PgqvNRi7fNAx,2904.0
San8diuEArYWs23tG,JZF27T62Fi5Grkn85,6591.0
San8diuEArYWs23tG,F8zeNSzQAiL46W49Z,18982.0
San8diuEArYWs23tG,6tffxhr9bwQcbqMd6,19087.0
San8diuEArYWs23tG,f4R5fnE3qjxJw8jhG,30228.0
San8diuEArYWs23tG,sycFuheBBtEsgAWqQ,39308.0
San8diuEArYWs23tG,k8Fwo4bcTMuNuNWR9,34349.0
gLG8hXLMuufRqRakj,KQ9F7PgqvNRi7fNAx,2239.0
gLG8hXLMuufRqRakj,JZF27T62Fi5Grkn85,7424.0
gLG8hXLMuufRqRakj,F8zeNSzQAiL46W49Z,14911.0
gLG8hXLMuufRqRakj,6tffxhr9bwQcbqMd6,33354.0
gLG8hXLMuufRqRakj,f4R5fnE3qjxJw8jhG,27236.0
gLG8hXLMuufRqRakj,sycFuheBBtEsgAWqQ,46259.0
gLG8hXLMuufRqRakj,k8Fwo4bcTMuNuNWR9,46436.0
57v48wZuwNWo8BccY,KQ9F7PgqvNRi7fNAx,2329.0
57v48wZuwNWo8BccY,JZF27T62Fi5Grkn85,10165.0
57v48wZuwNWo8BccY,F8zeNSzQAiL46W49Z,11242.0
57v48wZuwNWo8BccY,6tffxhr9bwQcbqMd6,28484.0
57v48wZuwNWo8BccY,f4R5fnE3qjxJw8jhG,45103.0
57v48wZuwNWo8BccY,sycFuheBBtEsgAWqQ,21423.0
57v48wZuwNWo8BccY,k8Fwo4bcTMuNuNWR9,33995.0
N7LvAvhhRYutJKux9,KQ9F7PgqvNRi7fNAx,3557.0
N7LvAvhhRYutJKux9,JZF27T62Fi5Grkn85,12476.0
N7LvAvhhRYutJKux9,F8zeNSzQAiL46W49Z,18758.0
N7LvAvhhRYutJKux9,6tffxhr9bwQcbqMd6,20197.0
N7LvAvhhRYutJKux9,f4R5fnE3qjxJw8jhG,33900.0
N7LvAvhhRYutJKux9,sycFuheBBtEsgAWqQ,32936.0
N7LvAvhhRYutJKux9,k8Fwo4bcTMuNuNWR9,24510.0
8a93ZsQjEvy9Cwpio,KQ9F7PgqvNRi7fNAx,2960.0
8a93ZsQjEvy9Cwpio,JZF27T62Fi5Grkn85,6872.0
8a93ZsQjEvy9Cwpio,F8zeNSzQAiL46W49Z,12782.0
8a93ZsQjEvy9Cwpio,6tffxhr9bwQcbqMd6,35170.0
8a93ZsQjEvy9Cwpio,f4R5fnE3qjxJw8jhG,23227.0
8a93ZsQjEvy9Cwpio,sycFuheBBtEsgAWqQ,21500.0
8a93ZsQjEvy9Cwpio,k8Fwo4bcTMuNuNWR9,40748.0
8o6x5Bj9pQpXsSWyW,KQ9F7PgqvNRi7fNAx,4836.0
8o6x5Bj9pQpXsSWyW,JZF27T62Fi5Grkn85,4765.0
8o6x5Bj9pQpXsSWyW,F8zeNSzQAiL46W49Z,12078.0
8o6x5Bj9pQpXsSWyW,6tffxhr9bwQcbqMd6,16411.0
8o6x5Bj9pQpXsSWyW,f4R5fnE3qjxJw8jhG,36155.0
8o6x5Bj9pQpXsSWyW,sycFuheBBtEsgAWqQ,27471.0
8o6x5Bj9pQpXsSWyW,k8Fwo4bcTMuNuNWR9,36501.0
wAeGwi3oCL7aFLFL5,KQ9F7PgqvNRi7fNAx,1940.0
wAeGwi3oCL7aFLFL5,JZF27T62Fi5Grkn85,4618.0
wAeGwi3oCL7aFLFL5,F8zeNSzQAiL46W49Z,17075.0
wAeGwi3oCL7aFLFL5,6tffxhr9bwQcbqMd6,19341.0
wAeGwi3oCL7aFLFL5,f4R5fnE3qjxJw8jhG,56214.0
wAeGwi3oCL7aFLFL5,sycFuheBBtEsgAWqQ,27659.0
wAeGwi3oCL7aFLFL5,k8Fwo4bcTMuNuNWR9,27372.0
M2jLyjnw3CiwT8mQx,KQ9F7PgqvNRi7fNAx,4403.0
M2jLyjnw3CiwT8mQx,JZF27T62Fi5Grkn85,8579.0
M2jLyjnw3CiwT8mQx,F8zeNSzQAiL46W49Z,11386.0
M2jLyjnw3CiwT8mQx,6tffxhr9bwQcbqMd6,14751.0
M2jLyjnw3CiwT8mQx,f4R5fnE3qjxJw8jhG,37139.0
M2jLyjnw3CiwT8mQx,sycFuheBBtEsgAWqQ,39336.0
M2jLyjnw3CiwT8mQx,k8Fwo4bcTMuNuNWR9,25735.0
EtdNgWCP3KWYJZZe9,KQ9F7PgqvNRi7fNAx,2547.0
EtdNgWCP3KWYJZZe9,JZF27T62Fi5Grkn85,4734.0
EtdNgWCP3KWYJZZe9,F8zeNSzQAiL46W49Z,17104.0
EtdNgWCP3KWYJZZe9,6tffxhr9bwQcbqMd6,28571.0
EtdNgWCP3KWYJZZe9,f4R5fnE3qjxJw8jhG,28228.0
EtdNgWCP3KWYJZZe9,sycFuheBBtEsgAWqQ,22629.0
EtdNgWCP3KWYJZZe9,k8Fwo4bcTMuNuNWR9,37595.0
qMywTNYufY3DdewYp,KQ9F7PgqvNRi7fNAx,3369.0
qMywTNYufY3DdewYp,JZF27T62Fi5Grkn85,7341.0
qMywTNYufY3DdewYp,F8zeNSzQAiL46W49Z,13218.0
qMywTNYufY3DdewYp,6tffxhr9bwQcbqMd6,15946.0
qMywTNYufY3DdewYp,f4R5fnE3qjxJw8jhG,27385.0
qMywTNYufY3DdewYp,sycFuheBBtEsgAWqQ,21562.0
qMywTNYufY3DdewYp,k8Fwo4bcTMuNuNWR9,28910.0
SCCePRYQNuzuBener,KQ9F7PgqvNRi7fNAx,27575.0
SCCePRYQNuzuBener,JZF27T62Fi5Grkn85,81202.0
SCCePRYQNuzuBener,F8zeNSzQAiL46W49Z,155252.0
SCCePRYQNuzuBener,6tffxhr9bwQcbqMd6,228323.0
SCCePRYQNuzuBener,f4R5fnE3qjxJw8jhG,334870.0
SCCePRYQNuzuBener,sycFuheBBtEsgAWqQ,510620.0
SCCePRYQNuzuBener,k8Fwo4bcTMuNuNWR9,422194.0
wY4y5mWpRmP3of4Nj,KQ9F7PgqvNRi7fNAx,2596.0
wY4y5mWpRmP3of4Nj,JZF27T62Fi5Grkn85,6470.0
wY4y5mWpRmP3of4Nj,F8zeNSzQAiL46W49Z,18792.0
wY4y5mWpRmP3of4Nj,6tffxhr9bwQcbqMd6,28767.0
wY4y5mWpRmP3of4Nj,f4R5fnE3qjxJw8jhG,32219.0
wY4y5mWpRmP3of4Nj,sycFuheBBtEsgAWqQ,24451.0
wY4y5mWpRmP3of4Nj,k8Fwo4bcTMuNuNWR9,34974.0
t5ZjPkFpZtsJMujXf,KQ9F7PgqvNRi7fNAx,3119.0
t5ZjPkFpZtsJMujXf,JZF27T62Fi5Grkn85,4385.0
t5ZjPkFpZtsJMujXf,F8zeNSzQAiL46W49Z,10464.0
t5ZjPkFpZtsJMujXf,6tffxhr9bwQcbqMd6,25827.0
t5ZjPkFpZtsJMujXf,f4R5fnE3qjxJw8jhG,31005.0
t5ZjPkFpZtsJMujXf,sycFuheBBtEsgAWqQ,23498.0
t5ZjPkFpZtsJMujXf,k8Fwo4bcTMuNuNWR9,22837.0
63ktvE2Nd6SS3orEK,KQ9F7PgqvNRi7fNAx,4362.0
63ktvE2Nd6SS3orEK,JZF27T62Fi5Grkn85,5388.0
63ktvE2Nd6SS3orEK,F8zeNSzQAiL46W49Z,13913.0
63ktvE2Nd6SS3orEK,6tffxhr9bwQcbqMd6,19914.0
63ktvE2Nd6SS3orEK,f4R5fnE3qjxJw8jhG,20626.0
63ktvE2Nd6SS3orEK,sycFuheBBtEsgAWqQ,24688.0
63ktvE2Nd6SS3orEK,k8Fwo4bcTMuNuNWR9,33267.0
PXfmPqzHj5chRCs3B,KQ9F7PgqvNRi7fNAx,3071.0
PXfmPqzHj5chRCs3B,JZF27T62Fi5Grkn85,4702.0
PXfmPqzHj5chRCs3B,F8zeNSzQAiL46W49Z,9733.0
PXfmPqzHj5chRCs3B,6tffxhr9bwQcbqMd6,22200.0
PXfmPqzHj5chRCs3B,f4R5fnE3qjxJw8jhG,21462.0
PXfmPqzHj5chRCs3B,sycFuheBBtEsgAWqQ,39629.0
PXfmPqzHj5chRCs3B,k8Fwo4bcTMuNuNWR9,30227.0
ZBr9Jy2vd5PQGiqkg,KQ9F7PgqvNRi7fNAx,3531.0
ZBr9Jy2vd5PQGiqkg,JZF27T62Fi5Grkn85,8039.0
ZBr9Jy2vd5PQGiqkg,F8zeNSzQAiL46W49Z,9441.0
ZBr9Jy2vd5PQGiqkg,6tffxhr9bwQcbqMd6,21815.0
ZBr9Jy2vd5PQGiqkg,f4R5fnE3qjxJw8jhG,27724.0
ZBr9Jy2vd5PQGiqkg,sycFuheBBtEsgAWqQ,23569.0
ZBr9Jy2vd5PQGiqkg,k8Fwo4bcTMuNuNWR9,22713.0
yqPBdPmGQyr9e8u4T,KQ9F7PgqvNRi7fNAx,2363.0
yqPBdPmGQyr9e8u4T,JZF27T62Fi5Grkn85,6463.0
yqPBdPmGQyr9e8u4T,F8zeNSzQAiL46W49Z,11142.0
yqPBdPmGQyr9e8u4T,6tffxhr9bwQcbqMd6,31994.0
yqPBdPmGQyr9e8u4T,f4R5fnE3qjxJw8jhG,39744.0
yqPBdPmGQyr9e8u4T,sycFuheBBtEsgAWqQ,23834.0
yqPBdPmGQyr9e8u4T,k8Fwo4bcTMuNuNWR9,19740.0
GPJaXkEkPu2MaFjaM,KQ9F7PgqvNRi7fNAx,2480.0
GPJaXkEkPu2MaFjaM,JZF27T62Fi5Grkn85,4999.0
GPJaXkEkPu2MaFjaM,F8zeNSzQAiL46W49Z,19485.0
GPJaXkEkPu2MaFjaM,6tffxhr9bwQcbqMd6,20024.0
GPJaXkEkPu2MaFjaM,f4R5fnE3qjxJw8jhG,23787.0
GPJaXkEkPu2MaFjaM,sycFuheBBtEsgAWqQ,38382.0
GPJaXkEkPu2MaFjaM,k8Fwo4bcTMuNuNWR9,34655.0
HbwacNwLM5Fp4BPm3,KQ9F7PgqvNRi7fNAx,2043.0
HbwacNwLM5Fp4BPm3,JZF27T62Fi5Grkn85,9008.0
HbwacNwLM5Fp4BPm3,F8zeNSzQAiL46W49Z,9888.0
HbwacNwLM5Fp4BPm3,6tffxhr9bwQcbqMd6,32305.0
HbwacNwLM5Fp4BPm3,f4R5fnE3qjxJw8jhG,22401.0
HbwacNwLM5Fp4BPm3,sycFuheBBtEsgAWqQ,22304.0
HbwacNwLM5Fp4BPm3,k8Fwo4bcTMuNuNWR9,24111.0
iFM2NFh2PDPFR2NMg,KQ9F7PgqvNRi7fNAx,4327.0
iFM2NFh2PDPFR2NMg,JZF27T62Fi5Grkn85,10250.0
iFM2NFh2PDPFR2NMg,F8zeNSzQAiL46W49Z,21249.0
iFM2NFh2PDPFR2NMg,6tffxhr9bwQcbqMd6,16549.0
iFM2NFh2PDPFR2NMg,f4R5fnE3qjxJw8jhG,29786.0
iFM2NFh2PDPFR2NMg,sycFuheBBtEsgAWqQ,30930.0
iFM2NFh2PDPFR2NMg,k8Fwo4bcTMuNuNWR9,22407.0
kWx8AWD9EQgM4MfMD,KQ9F7PgqvNRi7fNAx,1946.0
kWx8AWD9EQgM4MfMD,JZF27T62Fi5Grkn85,6372.0
kWx8AWD9EQgM4MfMD,F8zeNSzQAiL46W49Z,15346.0
kWx8AWD9EQgM4MfMD,6tffxhr9bwQcbqMd6,21874.0
kWx8AWD9EQgM4MfMD,f4R5fnE3qjxJw8jhG,50250.0
kWx8AWD9EQgM4MfMD,sycFuheBBtEsgAWqQ,20433.0
kWx8AWD9EQgM4MfMD,k8Fwo4bcTMuNuNWR9,38325.0
xSgzEQE2uFZ8EWWFk,KQ9F7PgqvNRi7fNAx,4694.0
xSgzEQE2uFZ8EWWFk,JZF27T62Fi5Grkn85,3626.0
xSgzEQE2uFZ8EWWFk,F8zeNSzQAiL46W49Z,13425.0
xSgzEQE2uFZ8EWWFk,6tffxhr9bwQcbqMd6,15685.0
xSgzEQE2uFZ8EWWFk,f4R5fnE3qjxJw8jhG,29951.0
xSgzEQE2uFZ8EWWFk,sycFuheBBtEsgAWqQ,35470.0
xSgzEQE2uFZ8EWWFk,k8Fwo4bcTMuNuNWR9,24720.0
sj64o2CHyCbawhcCj,KQ9F7PgqvNRi7fNAx,3867.0
sj64o2CHyCbawhcCj,JZF27T62Fi5Grkn85,9948.0
sj64o2CHyCbawhcCj,F8zeNSzQAiL46W49Z,8013.0
sj64o2CHyCbawhcCj,6tffxhr9bwQcbqMd6,20023.0
sj64o2CHyCbawhcCj,f4R5fnE3qjxJw8jhG,26381.0
sj64o2CHyCbawhcCj,sycFuheBBtEsgAWqQ,42654.0
sj64o2CHyCbawhcCj,k8Fwo4bcTMuNuNWR9,19162.0
emCD6WiRQeM4S9LKG,KQ9F7PgqvNRi7fNAx,1789.0
emCD6WiRQeM4S9LKG,JZF27T62Fi5Grkn85,8011.0
emCD6WiRQeM4S9LKG,F8zeNSzQAiL46W49Z,14148.0
emCD6WiRQeM4S9LKG,6tffxhr9bwQcbqMd6,34209.0
emCD6WiRQeM4S9LKG,f4R5fnE3qjxJw8jhG,21459.0
emCD6WiRQeM4S9LKG,sycFuheBBtEsgAWqQ,22749.0
emCD6WiRQeM4S9LKG,k8Fwo4bcTMuNuNWR9,39597.0
uNd3kzk8s5LQEQNWA,KQ9F7PgqvNRi7fNAx,2204.0
uNd3kzk8s5LQEQNWA,JZF27T62Fi5Grkn85,8082.0
uNd3kzk8s5LQEQNWA,F8zeNSzQAiL46W49Z,14402.0
uNd3kzk8s5LQEQNWA,6tffxhr9bwQcbqMd6,19521.0
uNd3kzk8s5LQEQNWA,f4R5fnE3qjxJw8jhG,22955.0
uNd3kzk8s5LQEQNWA,sycFuheBBtEsgAWqQ,21496.0
uNd3kzk8s5LQEQNWA,k8Fwo4bcTMuNuNWR9,26695.0
Dfy95WdTqwF5nWdmo,KQ9F7PgqvNRi7fNAx,4527.0
Dfy95WdTqwF5nWdmo,JZF27T62Fi5Grkn85,6911.0
Dfy95WdTqwF5nWdmo,F8zeNSzQAiL46W49Z,19522.0
Dfy95WdTqwF5nWdmo,6tffxhr9bwQcbqMd6,30047.0
Dfy95WdTqwF5nWdmo,f4R5fnE3qjxJw8jhG,31168.0
Dfy95WdTqwF5nWdmo,sycFuheBBtEsgAWqQ,22557.0
Dfy95WdTqwF5nWdmo,k8Fwo4bcTMuNuNWR9,27004.0
8kPah3hwkaAtAourx,KQ9F7PgqvNRi7fNAx,3503.0
8kPah3hwkaAtAourx,JZF27T62Fi5Grkn85,10569.0
8kPah3hwkaAtAourx,F8zeNSzQAiL46W49Z,13732.0
8kPah3hwkaAtAourx,6tffxhr9bwQcbqMd6,31682.0
8kPah3hwkaAtAourx,f4R5fnE3qjxJw8jhG,30038.0
8kPah3hwkaAtAourx,sycFuheBBtEsgAWqQ,40359.0
8kPah3hwkaAtAourx,k8Fwo4bcTMuNuNWR9,50755.0
KPDJcZjbySEo6mNWh,KQ9F7PgqvNRi7fNAx,3391.0
KPDJcZjbySEo6mNWh,JZF27T62Fi5Grkn85,5324.0
KPDJcZjbySEo6mNWh,F8zeNSzQAiL46W49Z,15910.0
KPDJcZjbySEo6mNWh,6tffxhr9bwQcbqMd6,32257.0
KPDJcZjbySEo6mNWh,f4R5fnE3qjxJw8jhG,28027.0
KPDJcZjbySEo6mNWh,sycFuheBBtEsgAWqQ,27297.0
KPDJcZjbySEo6mNWh,k8Fwo4bcTMuNuNWR9,28353.0
6r9D5tb9wamikFmQw,KQ9F7PgqvNRi7fNAx,2886.0
6r9D5tb9wamikFmQw,JZF27T62Fi5Grkn85,7782.0
6r9D5tb9wamikFmQw,F8zeNSzQAiL46W49Z,23305.0
6r9D5tb9wamikFmQw,6tffxhr9bwQcbqMd6,34223.0
6r9D5tb9wamikFmQw,f4R5fnE3qjxJw8jhG,21608.0
6r9D5tb9wamikFmQw,sycFuheBBtEsgAWqQ,26146.0
6r9D5tb9wamikFmQw,k8Fwo4bcTMuNuNWR9,44773.0
3dS8WxSWnpQLrxpnN,KQ9F7PgqvNRi7fNAx,1242.0
3dS8WxSWnpQLrxpnN,JZF27T62Fi5Grkn85,6879.0
3dS8WxSWnpQLrxpnN,F8zeNSzQAiL46W49Z,10848.0
3dS8WxSWnpQLrxpnN,6tffxhr9bwQcbqMd6,34034.0
3dS8WxSWnpQLrxpnN,f4R5fnE3qjxJw8jhG,31214.0
3dS8WxSWnpQLrxpnN,sycFuheBBtEsgAWqQ,35476.0
3dS8WxSWnpQLrxpnN,k8Fwo4bcTMuNuNWR9,27575.0
YF2dSMSsLiFCXYbnr,KQ9F7PgqvNRi7fNAx,3111.0
YF2dSMSsLiFCXYbnr,JZF27T62Fi5Grkn85,3883.0
YF2dSMSsLiFCXYbnr,F8zeNSzQAiL46W49Z,15333.0
YF2dSMSsLiFCXYbnr,6tffxhr9bwQcbqMd6,20081.0
YF2dSMSsLiFCXYbnr,f4R5fnE3qjxJw8jhG,40433.0
YF2dSMSsLiFCXYbnr,sycFuheBBtEsgAWqQ,25424.0
YF2dSMSsLiFCXYbnr,k8Fwo4bcTMuNuNWR9,48306.0
QfiTkaktHZukS6fHg,KQ9F7PgqvNRi7fNAx,2721.0
QfiTkaktHZukS6fHg,JZF27T62Fi5Grkn85,10239.0
QfiTkaktHZukS6fHg,F8zeNSzQAiL46W49Z,18510.0
QfiTkaktHZukS6fHg,6tffxhr9bwQcbqMd6,25201.0
QfiTkaktHZukS6fHg,f4R5fnE3qjxJw8jhG,16801.0
QfiTkaktHZukS6fHg,sycFuheBBtEsgAWqQ,34135.0
QfiTkaktHZukS6fHg,k8Fwo4bcTMuNuNWR9,39830.0
epM4yLNnmwSZ32urv,KQ9F7PgqvNRi7fNAx,3307.0
epM4yLNnmwSZ32urv,JZF27T62Fi5Grkn85,5463.0
epM4yLNnmwSZ32urv,F8zeNSzQAiL46W49Z,18523.0
epM4yLNnmwSZ32urv,6tffxhr9bwQcbqMd6,26580.0
epM4yLNnmwSZ32urv,f4R5fnE3qjxJw8jhG,34561.0
epM4yLNnmwSZ32urv,sycFuheBBtEsgAWqQ,25891.0
epM4yLNnmwSZ32urv,k8Fwo4bcTMuNuNWR9,26466.0
s5vB7v8uXG9EEJDb9,KQ9F7PgqvNRi7fNAx,1869.0
s5vB7v8uXG9EEJDb9,JZF27T62Fi5Grkn85,10077.0
s5vB7v8uXG9EEJDb9,F8zeNSzQAiL46W49Z,11109.0
s5vB7v8uXG9EEJDb9,6tffxhr9bwQcbqMd6,29992.0
s5vB7v8uXG9EEJDb9,f4R5fnE3qjxJw8jhG,20468.0
s5vB7v8uXG9EEJDb9,sycFuheBBtEsgAWqQ,19443.0
s5vB7v8uXG9EEJDb9,k8Fwo4bcTMuNuNWR9,37520.0
gTPfMcqwpzjQo9j75,KQ9F7PgqvNRi7fNAx,2782.0
gTPfMcqwpzjQo9j75,JZF27T62Fi5Grkn85,6468.0
gTPfMcqwpzjQo9j75,F8zeNSzQAiL46W49Z,10811.0
gTPfMcqwpzjQo9j75,6tffxhr9bwQcbqMd6,24690.0
gTPfMcqwpzjQo9j75,f4R5fnE3qjxJw8jhG,22537.0
gTPfMcqwpzjQo9j75,sycFuheBBtEsgAWqQ,29418.0
gTPfMcqwpzjQo9j75,k8Fwo4bcTMuNuNWR9,24156.0
yR4gkgkyn98TaZGgw,KQ9F7PgqvNRi7fNAx,3638.0
yR4gkgkyn98TaZGgw,JZF27T62Fi5Grkn85,6866.0
yR4gkgkyn98TaZGgw,F8zeNSzQAiL46W49Z,21520.0
yR4gkgkyn98TaZGgw,6tffxhr9bwQcbqMd6,32880.0
yR4gkgkyn98TaZGgw,f4R5fnE3qjxJw8jhG,42019.0
yR4gkgkyn98TaZGgw,sycFuheBBtEsgAWqQ,21203.0
yR4gkgkyn98TaZGgw,k8Fwo4bcTMuNuNWR9,38064.0
i6CBmfpvPgcjjeqSY,KQ9F7PgqvNRi7fNAx,14166.0
i6CBmfpvPgcjjeqSY,JZF27T62Fi5Grkn85,91544.0
i6CBmfpvPgcjjeqSY,F8zeNSzQAiL46W49Z,148751.0
i6CBmfpvPgcjjeqSY,6tffxhr9bwQcbqMd6,953350.0
i6CBmfpvPgcjjeqSY,f4R5fnE3qjxJw8jhG,352169.0
i6CBmfpvPgcjjeqSY,sycFuheBBtEsgAWqQ,305785.0
i6CBmfpvPgcjjeqSY,k8Fwo4bcTMuNuNWR9,321083.0
29bpxt3Bpz2QvnE5M,KQ9F7PgqvNRi7fNAx,3287.0
29bpxt3Bpz2QvnE5M,JZF27T62Fi5Grkn85,5057.0
29bpxt3Bpz2QvnE5M,F8zeNSzQAiL46W49Z,9461.0
29bpxt3Bpz2QvnE5M,6tffxhr9bwQcbqMd6,17727.0
29bpxt3Bpz2QvnE5M,f4R5fnE3qjxJw8jhG,39402.0
29bpxt3Bpz2QvnE5M,sycFuheBBtEsgAWqQ,22758.0
29bpxt3Bpz2QvnE5M,k8Fwo4bcTMuNuNWR9,32671.0
HzwFoQPGdbtPG9h5q,KQ9F7PgqvNRi7fNAx,2457.0
HzwFoQPGdbtPG9h5q,JZF27T62Fi5Grkn85,5897.0
HzwFoQPGdbtPG9h5q,F8zeNSzQAiL46W49Z,16912.0
HzwFoQPGdbtPG9h5q,6tffxhr9bwQcbqMd6,20595.0
HzwFoQPGdbtPG9h5q,f4R5fnE3qjxJw8jhG,25438.0
HzwFoQPGdbtPG9h5q,sycFuheBBtEsgAWqQ,22357.0
HzwFoQPGdbtPG9h5q,k8Fwo4bcTMuNuNWR9,26550.0
Wp5y7ybHEKntMMWsb,KQ9F7PgqvNRi7fNAx,2547.0
Wp5y7ybHEKntMMWsb,JZF27T62Fi5Grkn85,9254.0
Wp5y7ybHEKntMMWsb,F8zeNSzQAiL46W49Z,12198.0
Wp5y7ybHEKntMMWsb,6tffxhr9bwQcbqMd6,20515.0
Wp5y7ybHEKntMMWsb,f4R5fnE3qjxJw8jhG,36487.0
Wp5y7ybHEKntMMWsb,sycFuheBBtEsgAWqQ,19361.0
Wp5y7ybHEKntMMWsb,k8Fwo4bcTMuNuNWR9,30625.0
EYmz8juKBHEBXwb69,KQ9F7PgqvNRi7fNAx,4105.0
EYmz8juKBHEBXwb69,JZF27T62Fi5Grkn85,7367.0
EYmz8juKBHEBXwb69,F8zeNSzQAiL46W49Z,7789.0
EYmz8juKBHEBXwb69,6tffxhr9bwQcbqMd6,27145.0
EYmz8juKBHEBXwb69,f4R5fnE3qjxJw8jhG,46770.0
EYmz8juKBHEBXwb69,sycFuheBBtEsgAWqQ,20864.0
EYmz8juKBHEBXwb69,k8Fwo4bcTMuNuNWR9,52377.0
LK2FKpmiSPZohQy8q,KQ9F7PgqvNRi7fNAx,2238.0
LK2FKpmiSPZohQy8q,JZF27T62Fi5Grkn85,6176.0
LK2FKpmiSPZohQy8q,F8zeNSzQAiL46W49Z,17466.0
LK2FKpmiSPZohQy8q,6tffxhr9bwQcbqMd6,17493.0
LK2FKpmiSPZohQy8q,f4R5fnE3qjxJw8jhG,20884.0
LK2FKpmiSPZohQy8q,sycFuheBBtEsgAWqQ,20814.0
LK2FKpmiSPZohQy8q,k8Fwo4bcTMuNuNWR9,40897.0
mNekRQ64gqKg3dp6i,KQ9F7PgqvNRi7fNAx,3973.0
mNekRQ64gqKg3dp6i,JZF27T62Fi5Grkn85,6595.0
mNekRQ64gqKg3dp6i,F8zeNSzQAiL46W49Z,17437.0
mNekRQ64gqKg3dp6i,6tffxhr9bwQcbqMd6,21456.0
mNekRQ64gqKg3dp6i,f4R5fnE3qjxJw8jhG,53738.0
mNekRQ64gqKg3dp6i,sycFuheBBtEsgAWqQ,25738.0
mNekRQ64gqKg3dp6i,k8Fwo4bcTMuNuNWR9,51967.0
NWCqSpMEjsic6JmwN,KQ9F7PgqvNRi7fNAx,2853.0
NWCqSpMEjsic6JmwN,JZF27T62Fi5Grkn85,5489.0
NWCqSpMEjsic6JmwN,F8zeNSzQAiL46W49Z,9861.0
NWCqSpMEjsic6JmwN,6tffxhr9bwQcbqMd6,21723.0
NWCqSpMEjsic6JmwN,f4R5fnE3qjxJw8jhG,28766.0
NWCqSpMEjsic6JmwN,sycFuheBBtEsgAWqQ,20177.0
NWCqSpMEjsic6JmwN,k8Fwo4bcTMuNuNWR9,30984.0
oDdQ683ZxxdcGaRY4,KQ9F7PgqvNRi7fNAx,17532.0
oDdQ683ZxxdcGaRY4,JZF27T62Fi5Grkn85,142704.0
oDdQ683ZxxdcGaRY4,F8zeNSzQAiL46W49Z,129935.0
oDdQ683ZxxdcGaRY4,6tffxhr9bwQcbqMd6,244139.0
oDdQ683ZxxdcGaRY4,f4R5fnE3qjxJw8jhG,419308.0
oDdQ683ZxxdcGaRY4,sycFuheBBtEsgAWqQ,370675.0
oDdQ683ZxxdcGaRY4,k8Fwo4bcTMuNuNWR9,616184.0
AAaf7gQkrthMQYoyD,KQ9F7PgqvNRi7fNAx,3178.0
AAaf7gQkrthMQYoyD,JZF27T62Fi5Grkn85,13057.0
AAaf7gQkrthMQYoyD,F8zeNSzQAiL46W49Z,13572.0
AAaf7gQkrthMQYoyD,6tffxhr9bwQcbqMd6,33281.0
AAaf7gQkrthMQYoyD,f4R5fnE3qjxJw8jhG,36108.0
AAaf7gQkrthMQYoyD,sycFuheBBtEsgAWqQ,24307.0
AAaf7gQkrthMQYoyD,k8Fwo4bcTMuNuNWR9,32632.0
8kcMXJdyTaTgdijmj,KQ9F7PgqvNRi7fNAx,2477.0
8kcMXJdyTaTgdijmj,JZF27T62Fi5Grkn85,8008.0
8kcMXJdyTaTgdijmj,F8zeNSzQAiL46W49Z,24515.0
8kcMXJdyTaTgdijmj,6tffxhr9bwQcbqMd6,36215.0
8kcMXJdyTaTgdijmj,f4R5fnE3qjxJw8jhG,48121.0
8kcMXJdyTaTgdijmj,sycFuheBBtEsgAWqQ,27839.0
8kcMXJdyTaTgdijmj,k8Fwo4bcTMuNuNWR9,28405.0
JQoWgmcm8mx9uMoiH,KQ9F7PgqvNRi7fNAx,3441.0
JQoWgmcm8mx9uMoiH,JZF27T62Fi5Grkn85,4635.0
JQoWgmcm8mx9uMoiH,F8zeNSzQAiL46W49Z,19237.0
JQoWgmcm8mx9uMoiH,6tffxhr9bwQcbqMd6,29694.0
JQoWgmcm8mx9uMoiH,f4R5fnE3qjxJw8jhG,24201.0
JQoWgmcm8mx9uMoiH,sycFuheBBtEsgAWqQ,24899.0
JQoWgmcm8mx9uMoiH,k8Fwo4bcTMuNuNWR9,34835.0
HjHJrh5XZxrR4vJfL,KQ9F7PgqvNRi7fNAx,2619.0
HjHJrh5XZxrR4vJfL,JZF27T62Fi5Grkn85,7678.0
HjHJrh5XZxrR4vJfL,F8zeNSzQAiL46W49Z,18008.0
HjHJrh5XZxrR4vJfL,6tffxhr9bwQcbqMd6,16848.0
HjHJrh5XZxrR4vJfL,f4R5fnE3qjxJw8jhG,29095.0
HjHJrh5XZxrR4vJfL,sycFuheBBtEsgAWqQ,36421.0
HjHJrh5XZxrR4vJfL,k8Fwo4bcTMuNuNWR9,34997.0
TT5W9Qce4MShAkToW,KQ9F7PgqvNRi7fNAx,3168.0
TT5W9Qce4MShAkToW,JZF27T62Fi5Grkn85,5093.0
TT5W9Qce4MShAkToW,F8zeNSzQAiL46W49Z,13885.0
TT5W9Qce4MShAkToW,6tffxhr9bwQcbqMd6,19811.0
TT5W9Qce4MShAkToW,f4R5fnE3qjxJw8jhG,22564.0
TT5W9Qce4MShAkToW,sycFuheBBtEsgAWqQ,21660.0
TT5W9Qce4MShAkToW,k8Fwo4bcTMuNuNWR9,48079.0
aacAFntaYQdA5sCi3,KQ9F7PgqvNRi7fNAx,2257.0
aacAFntaYQdA5sCi3,JZF27T62Fi5Grkn85,4151.0
aacAFntaYQdA5sCi3,F8zeNSzQAiL46W49Z,16715.0
aacAFntaYQdA5sCi3,6tffxhr9bwQcbqMd6,20347.0
aacAFntaYQdA5sCi3,f4R5fnE3qjxJw8jhG,21931.0
aacAFntaYQdA5sCi3,sycFuheBBtEsgAWqQ,28939.0
aacAFntaYQdA5sCi3,k8Fwo4bcTMuNuNWR9,24255.0
Su66m4vZGhbbPcfJR,KQ9F7PgqvNRi7fNAx,2703.0
Su66m4vZGhbbPcfJR,JZF27T62Fi5Grkn85,5465.0
Su66m4vZGhbbPcfJR,F8zeNSzQAiL46W49Z,9491.0
Su66m4vZGhbbPcfJR,6tffxhr9bwQcbqMd6,18247.0
Su66m4vZGhbbPcfJR,f4R5fnE3qjxJw8jhG,40399.0
Su66m4vZGhbbPcfJR,sycFuheBBtEsgAWqQ,34555.0
Su66m4vZGhbbPcfJR,k8Fwo4bcTMuNuNWR9,28138.0
tsJjNQ946FuyN87hu,KQ9F7PgqvNRi7fNAx,3869.0
tsJjNQ946FuyN87hu,JZF27T62Fi5Grkn85,11418.0
tsJjNQ946FuyN87hu,F8zeNSzQAiL46W49Z,18077.0
tsJjNQ946FuyN87hu,6tffxhr9bwQcbqMd6,24759.0
tsJjNQ946FuyN87hu,f4R5fnE3qjxJw8jhG,40411.0
tsJjNQ946FuyN87hu,sycFuheBBtEsgAWqQ,24663.0
tsJjNQ946FuyN87hu,k8Fwo4bcTMuNuNWR9,35785.0
2DwYnsMtE3Mu2DnyL,k8Fwo4bcTMuNuNWR9,7838.0
2DwYnsMtE3Mu2DnyL,sycFuheBBtEsgAWqQ,6075.0
2DwYnsMtE3Mu2DnyL,KQ9F7PgqvNRi7fNAx,66472.0
2DwYnsMtE3Mu2DnyL,JZF27T62Fi5Grkn85,55532.0
2DwYnsMtE3Mu2DnyL,F8zeNSzQAiL46W49Z,23084.0
2DwYnsMtE3Mu2DnyL,f4R5fnE3qjxJw8jhG,8629.0
2DwYnsMtE3Mu2DnyL,6tffxhr9bwQcbqMd6,6464.0
3JDBRApnByvSRF92r,sycFuheBBtEsgAWqQ,9307.0
3JDBRApnByvSRF92r,JZF27T62Fi5Grkn85,27296.0
3JDBRApnByvSRF92r,k8Fwo4bcTMuNuNWR9,10683.0
3JDBRApnByvSRF92r,F8zeNSzQAiL46W49Z,65683.0
3JDBRApnByvSRF92r,KQ9F7PgqvNRi7fNAx,30768.0
3JDBRApnByvSRF92r,6tffxhr9bwQcbqMd6,15538.0
3JDBRApnByvSRF92r,f4R5fnE3qjxJw8jhG,10647.0
4p9kfMETgasKC9yqA,JZF27T62Fi5Grkn85,9490.0
4p9kfMETgasKC9yqA,f4R5fnE3qjxJw8jhG,15111.0
4p9kfMETgasKC9yqA,k8Fwo4bcTMuNuNWR9,12032.0
4p9kfMETgasKC9yqA,F8zeNSzQAiL46W49Z,996.0
4p9kfMETgasKC9yqA,KQ9F7PgqvNRi7fNAx,769692.0
4p9kfMETgasKC9yqA,sycFuheBBtEsgAWqQ,16220.0
4p9kfMETgasKC9yqA,6tffxhr9bwQcbqMd6,6652.0
5pZGAN8BMWwHtuGoD,f4R5fnE3qjxJw8jhG,234647.0
5pZGAN8BMWwHtuGoD,KQ9F7PgqvNRi7fNAx,18176.0
5pZGAN8BMWwHtuGoD,F8zeNSzQAiL46W49Z,54133.0
5pZGAN8BMWwHtuGoD,k8Fwo4bcTMuNuNWR9,123279.0
5pZGAN8BMWwHtuGoD,JZF27T62Fi5Grkn85,38008.0
5pZGAN8BMWwHtuGoD,6tffxhr9bwQcbqMd6,66629.0
5pZGAN8BMWwHtuGoD,sycFuheBBtEsgAWqQ,213358.0
7sJpctsJ7STcqok92,6tffxhr9bwQcbqMd6,118237.0
7sJpctsJ7STcqok92,sycFuheBBtEsgAWqQ,119940.0
7sJpctsJ7STcqok92,F8zeNSzQAiL46W49Z,84878.0
7sJpctsJ7STcqok92,k8Fwo4bcTMuNuNWR9,142435.0
7sJpctsJ7STcqok92,JZF27T62Fi5Grkn85,45758.0
7sJpctsJ7STcqok92,f4R5fnE3qjxJw8jhG,139155.0
7sJpctsJ7STcqok92,KQ9F7PgqvNRi7fNAx,23257.0
8DLxvySrgECZhGXLM,KQ9F7PgqvNRi7fNAx,57893.0
8DLxvySrgECZhGXLM,6tffxhr9bwQcbqMd6,38247.0
8DLxvySrgECZhGXLM,JZF27T62Fi5Grkn85,55185.0
8DLxvySrgECZhGXLM,F8zeNSzQAiL46W49Z,13666.0
8DLxvySrgECZhGXLM,k8Fwo4bcTMuNuNWR9,293970.0
8DLxvySrgECZhGXLM,f4R5fnE3qjxJw8jhG,15697.0
8DLxvySrgECZhGXLM,sycFuheBBtEsgAWqQ,129874.0
9ogu9EREQgHtuBb4Y,KQ9F7PgqvNRi7fNAx,36058.0
9ogu9EREQgHtuBb4Y,f4R5fnE3qjxJw8jhG,392853.0
9ogu9EREQgHtuBb4Y,k8Fwo4bcTMuNuNWR9,858177.0
9ogu9EREQgHtuBb4Y,6tffxhr9bwQcbqMd6,252378.0
9ogu9EREQgHtuBb4Y,sycFuheBBtEsgAWqQ,7563234.0
9ogu9EREQgHtuBb4Y,F8zeNSzQAiL46W49Z,287345.0
9ogu9EREQgHtuBb4Y,JZF27T62Fi5Grkn85,93195.0
AvNC9XJfTBiynaAqw,f4R5fnE3qjxJw8jhG,132156.0
AvNC9XJfTBiynaAqw,JZF27T62Fi5Grkn85,51023.0
AvNC9XJfTBiynaAqw,F8zeNSzQAiL46W49Z,67023.0
AvNC9XJfTBiynaAqw,6tffxhr9bwQcbqMd6,79397.0
AvNC9XJfTBiynaAqw,sycFuheBBtEsgAWqQ,110476.0
AvNC9XJfTBiynaAqw,KQ9F7PgqvNRi7fNAx,41669.0
AvNC9XJfTBiynaAqw,k8Fwo4bcTMuNuNWR9,252642.0
GJDy8J9NMZviyZgxA,f4R5fnE3qjxJw8jhG,2435.0
GJDy8J9NMZviyZgxA,JZF27T62Fi5Grkn85,11270.0
GJDy8J9NMZviyZgxA,k8Fwo4bcTMuNuNWR9,2049.0
GJDy8J9NMZviyZgxA,KQ9F7PgqvNRi7fNAx,9456.0
GJDy8J9NMZviyZgxA,sycFuheBBtEsgAWqQ,2557.0
GJDy8J9NMZviyZgxA,6tffxhr9bwQcbqMd6,3231.0
GJDy8J9NMZviyZgxA,F8zeNSzQAiL46W49Z,2294.0
KrRGSBm5th8tui9HE,f4R5fnE3qjxJw8jhG,25010.0
KrRGSBm5th8tui9HE,KQ9F7PgqvNRi7fNAx,30908.0
KrRGSBm5th8tui9HE,sycFuheBBtEsgAWqQ,11894.0
KrRGSBm5th8tui9HE,F8zeNSzQAiL46W49Z,36412.0
KrRGSBm5th8tui9HE,JZF27T62Fi5Grkn85,23850.0
KrRGSBm5th8tui9HE,6tffxhr9bwQcbqMd6,23943.0
KrRGSBm5th8tui9HE,k8Fwo4bcTMuNuNWR9,44822.0
MWdNWodLwEfuckCQZ,JZF27T62Fi5Grkn85,137056.0
MWdNWodLwEfuckCQZ,k8Fwo4bcTMuNuNWR9,4182.0
MWdNWodLwEfuckCQZ,6tffxhr9bwQcbqMd6,4505.0
MWdNWodLwEfuckCQZ,f4R5fnE3qjxJw8jhG,8012.0
MWdNWodLwEfuckCQZ,KQ9F7PgqvNRi7fNAx,145739.0
MWdNWodLwEfuckCQZ,sycFuheBBtEsgAWqQ,4418.0
MWdNWodLwEfuckCQZ,F8zeNSzQAiL46W49Z,7675.0
S3gxArbBbnWaHjKPy,KQ9F7PgqvNRi7fNAx,829332.0
S3gxArbBbnWaHjKPy,JZF27T62Fi5Grkn85,829332.0
S3gxArbBbnWaHjKPy,F8zeNSzQAiL46W49Z,4051.0
S3gxArbBbnWaHjKPy,F8zeNSzQAiL46W49Z,829332.0
S3gxArbBbnWaHjKPy,6tffxhr9bwQcbqMd6,829332.0
S3gxArbBbnWaHjKPy,JZF27T62Fi5Grkn85,8484.0
S3gxArbBbnWaHjKPy,KQ9F7PgqvNRi7fNAx,7657.0
Y7RyREKSKeQBzADhP,sycFuheBBtEsgAWqQ,165695.0
Y7RyREKSKeQBzADhP,f4R5fnE3qjxJw8jhG,173443.0
Y7RyREKSKeQBzADhP,k8Fwo4bcTMuNuNWR9,101428.0
Y7RyREKSKeQBzADhP,6tffxhr9bwQcbqMd6,277061.0
Y7RyREKSKeQBzADhP,KQ9F7PgqvNRi7fNAx,56605.0
Y7RyREKSKeQBzADhP,F8zeNSzQAiL46W49Z,520661.0
Y7RyREKSKeQBzADhP,JZF27T62Fi5Grkn85,321605.0
YXKnBDcCF8ANQMgLh,KQ9F7PgqvNRi7fNAx,223646.0
YXKnBDcCF8ANQMgLh,F8zeNSzQAiL46W49Z,205934.0
YXKnBDcCF8ANQMgLh,f4R5fnE3qjxJw8jhG,388726.0
YXKnBDcCF8ANQMgLh,sycFuheBBtEsgAWqQ,235461.0
YXKnBDcCF8ANQMgLh,JZF27T62Fi5Grkn85,207805.0
YXKnBDcCF8ANQMgLh,6tffxhr9bwQcbqMd6,281935.0
YXKnBDcCF8ANQMgLh,k8Fwo4bcTMuNuNWR9,357613.0
YyLK4G4JnfRSwjsEn,k8Fwo4bcTMuNuNWR9,48126.0
YyLK4G4JnfRSwjsEn,F8zeNSzQAiL46W49Z,105355.0
YyLK4G4JnfRSwjsEn,6tffxhr9bwQcbqMd6,161984.0
YyLK4G4JnfRSwjsEn,sycFuheBBtEsgAWqQ,46763.0
YyLK4G4JnfRSwjsEn,KQ9F7PgqvNRi7fNAx,26852.0
YyLK4G4JnfRSwjsEn,JZF27T62Fi5Grkn85,829332.0
YyLK4G4JnfRSwjsEn,f4R5fnE3qjxJw8jhG,82788.0
ZSP3APhT6tJRsezMd,F8zeNSzQAiL46W49Z,119192.0
ZSP3APhT6tJRsezMd,k8Fwo4bcTMuNuNWR9,287001.0
ZSP3APhT6tJRsezMd,KQ9F7PgqvNRi7fNAx,23282.0
ZSP3APhT6tJRsezMd,f4R5fnE3qjxJw8jhG,305660.0
ZSP3APhT6tJRsezMd,6tffxhr9bwQcbqMd6,165814.0
ZSP3APhT6tJRsezMd,JZF27T62Fi5Grkn85,71722.0
ZSP3APhT6tJRsezMd,sycFuheBBtEsgAWqQ,233423.0
ZXCe832yYC6FEGAM5,k8Fwo4bcTMuNuNWR9,48819.0
ZXCe832yYC6FEGAM5,sycFuheBBtEsgAWqQ,29350.0
ZXCe832yYC6FEGAM5,KQ9F7PgqvNRi7fNAx,23699.0
ZXCe832yYC6FEGAM5,6tffxhr9bwQcbqMd6,65334.0
ZXCe832yYC6FEGAM5,JZF27T62Fi5Grkn85,27929.0
ZXCe832yYC6FEGAM5,F8zeNSzQAiL46W49Z,69769.0
ZXCe832yYC6FEGAM5,f4R5fnE3qjxJw8jhG,39547.0
ayWj4baoN78AEizd4,KQ9F7PgqvNRi7fNAx,1493.0
ayWj4baoN78AEizd4,JZF27T62Fi5Grkn85,1712.0
ayWj4baoN78AEizd4,k8Fwo4bcTMuNuNWR9,231614.0
ayWj4baoN78AEizd4,sycFuheBBtEsgAWqQ,169917.0
ayWj4baoN78AEizd4,f4R5fnE3qjxJw8jhG,113749.0
ayWj4baoN78AEizd4,6tffxhr9bwQcbqMd6,4407.0
ayWj4baoN78AEizd4,F8zeNSzQAiL46W49Z,7250.0
dTrrrRhvQfLGaGPzJ,F8zeNSzQAiL46W49Z,263672.0
dTrrrRhvQfLGaGPzJ,f4R5fnE3qjxJw8jhG,140013.0
dTrrrRhvQfLGaGPzJ,KQ9F7PgqvNRi7fNAx,51084.0
dTrrrRhvQfLGaGPzJ,JZF27T62Fi5Grkn85,190230.0
dTrrrRhvQfLGaGPzJ,sycFuheBBtEsgAWqQ,1446993.0
dTrrrRhvQfLGaGPzJ,k8Fwo4bcTMuNuNWR9,61967.0
dTrrrRhvQfLGaGPzJ,6tffxhr9bwQcbqMd6,361622.0
fjBqTdnKfxeeuz4Jm,F8zeNSzQAiL46W49Z,74533.0
fjBqTdnKfxeeuz4Jm,f4R5fnE3qjxJw8jhG,180021.0
fjBqTdnKfxeeuz4Jm,KQ9F7PgqvNRi7fNAx,28128.0
fjBqTdnKfxeeuz4Jm,JZF27T62Fi5Grkn85,58294.0
fjBqTdnKfxeeuz4Jm,6tffxhr9bwQcbqMd6,112152.0
fjBqTdnKfxeeuz4Jm,k8Fwo4bcTMuNuNWR9,314367.0
fjBqTdnKfxeeuz4Jm,sycFuheBBtEsgAWqQ,125246.0
gL34H5wv5iA5eYvRX,sycFuheBBtEsgAWqQ,2422.0
gL34H5wv5iA5eYvRX,k8Fwo4bcTMuNuNWR9,2146.0
gL34H5wv5iA5eYvRX,f4R5fnE3qjxJw8jhG,2339.0
gL34H5wv5iA5eYvRX,JZF27T62Fi5Grkn85,1709.0
gL34H5wv5iA5eYvRX,F8zeNSzQAiL46W49Z,1553.0
gL34H5wv5iA5eYvRX,6tffxhr9bwQcbqMd6,3358.0
gL34H5wv5iA5eYvRX,KQ9F7PgqvNRi7fNAx,1950.0
h5LbhwPyEQGi4AnY2,f4R5fnE3qjxJw8jhG,153430.0
h5LbhwPyEQGi4AnY2,sycFuheBBtEsgAWqQ,31336.0
h5LbhwPyEQGi4AnY2,KQ9F7PgqvNRi7fNAx,24137.0
h5LbhwPyEQGi4AnY2,F8zeNSzQAiL46W49Z,113314.0
h5LbhwPyEQGi4AnY2,JZF27T62Fi5Grkn85,32416.0
h5LbhwPyEQGi4AnY2,k8Fwo4bcTMuNuNWR9,25850.0
h5LbhwPyEQGi4AnY2,6tffxhr9bwQcbqMd6,191269.0
iJ3cWRxad4HezrJuA,F8zeNSzQAiL46W49Z,141212.0
iJ3cWRxad4HezrJuA,6tffxhr9bwQcbqMd6,326076.0
iJ3cWRxad4HezrJuA,k8Fwo4bcTMuNuNWR9,253008.0
iJ3cWRxad4HezrJuA,f4R5fnE3qjxJw8jhG,194876.0
iJ3cWRxad4HezrJuA,KQ9F7PgqvNRi7fNAx,61163.0
iJ3cWRxad4HezrJuA,sycFuheBBtEsgAWqQ,18540906.0
iJ3cWRxad4HezrJuA,JZF27T62Fi5Grkn85,189183.0
iWRcMZjo3x4ghFYER,KQ9F7PgqvNRi7fNAx,22196.0
iWRcMZjo3x4ghFYER,k8Fwo4bcTMuNuNWR9,193653.0
iWRcMZjo3x4ghFYER,JZF27T62Fi5Grkn85,22674.0
iWRcMZjo3x4ghFYER,f4R5fnE3qjxJw8jhG,119133.0
iWRcMZjo3x4ghFYER,6tffxhr9bwQcbqMd6,116671.0
iWRcMZjo3x4ghFYER,sycFuheBBtEsgAWqQ,65355.0
iWRcMZjo3x4ghFYER,F8zeNSzQAiL46W49Z,56570.0
kQg4mHb9wPAvtbFjj,6tffxhr9bwQcbqMd6,220117.0
kQg4mHb9wPAvtbFjj,F8zeNSzQAiL46W49Z,170999.0
kQg4mHb9wPAvtbFjj,JZF27T62Fi5Grkn85,77613.0
kQg4mHb9wPAvtbFjj,KQ9F7PgqvNRi7fNAx,32878.0
kQg4mHb9wPAvtbFjj,k8Fwo4bcTMuNuNWR9,216550.0
kQg4mHb9wPAvtbFjj,sycFuheBBtEsgAWqQ,248152.0
kQg4mHb9wPAvtbFjj,f4R5fnE3qjxJw8jhG,282063.0
nAiMkaAAA6gsXWTCY,sycFuheBBtEsgAWqQ,114259.0
nAiMkaAAA6gsXWTCY,F8zeNSzQAiL46W49Z,62503.0
nAiMkaAAA6gsXWTCY,KQ9F7PgqvNRi7fNAx,87312.0
nAiMkaAAA6gsXWTCY,6tffxhr9bwQcbqMd6,878925.0
nAiMkaAAA6gsXWTCY,f4R5fnE3qjxJw8jhG,252275.0
nAiMkaAAA6gsXWTCY,JZF27T62Fi5Grkn85,129823.0
nAiMkaAAA6gsXWTCY,k8Fwo4bcTMuNuNWR9,497714.0
nDSseYTELLP78T52J,KQ9F7PgqvNRi7fNAx,166203.0
nDSseYTELLP78T52J,F8zeNSzQAiL46W49Z,20932.0
nDSseYTELLP78T52J,sycFuheBBtEsgAWqQ,3431.0
nDSseYTELLP78T52J,f4R5fnE3qjxJw8jhG,11447.0
nDSseYTELLP78T52J,k8Fwo4bcTMuNuNWR9,5452.0
nDSseYTELLP78T52J,JZF27T62Fi5Grkn85,13079.0
nDSseYTELLP78T52J,6tffxhr9bwQcbqMd6,11312.0
nYwDGCet6uGwWT54o,f4R5fnE3qjxJw8jhG,5707.0
nYwDGCet6uGwWT54o,KQ9F7PgqvNRi7fNAx,10160.0
nYwDGCet6uGwWT54o,sycFuheBBtEsgAWqQ,5330.0
nYwDGCet6uGwWT54o,F8zeNSzQAiL46W49Z,4899.0
nYwDGCet6uGwWT54o,k8Fwo4bcTMuNuNWR9,6548.0
nYwDGCet6uGwWT54o,6tffxhr9bwQcbqMd6,3886.0
nYwDGCet6uGwWT54o,JZF27T62Fi5Grkn85,2156.0
okZrFanj9YHGg5D2v,6tffxhr9bwQcbqMd6,2777.0
okZrFanj9YHGg5D2v,f4R5fnE3qjxJw8jhG,2412.0
okZrFanj9YHGg5D2v,KQ9F7PgqvNRi7fNAx,2719.0
okZrFanj9YHGg5D2v,k8Fwo4bcTMuNuNWR9,2645.0
okZrFanj9YHGg5D2v,JZF27T62Fi5Grkn85,2064.0
okZrFanj9YHGg5D2v,F8zeNSzQAiL46W49Z,1998.0
okZrFanj9YHGg5D2v,sycFuheBBtEsgAWqQ,2201.0
opzEaHw2k7rchnFQv,6tffxhr9bwQcbqMd6,244305.0
opzEaHw2k7rchnFQv,k8Fwo4bcTMuNuNWR9,2849.0
opzEaHw2k7rchnFQv,F8zeNSzQAiL46W49Z,236270.0
opzEaHw2k7rchnFQv,f4R5fnE3qjxJw8jhG,312705.0
opzEaHw2k7rchnFQv,JZF27T62Fi5Grkn85,130563.0
opzEaHw2k7rchnFQv,KQ9F7PgqvNRi7fNAx,26097.0
opzEaHw2k7rchnFQv,sycFuheBBtEsgAWqQ,224364.0
qJ5R5sjZ3vzNebSQF,KQ9F7PgqvNRi7fNAx,95190.0
qJ5R5sjZ3vzNebSQF,6tffxhr9bwQcbqMd6,220989.0
qJ5R5sjZ3vzNebSQF,F8zeNSzQAiL46W49Z,145420.0
qJ5R5sjZ3vzNebSQF,JZF27T62Fi5Grkn85,83838.0
qJ5R5sjZ3vzNebSQF,k8Fwo4bcTMuNuNWR9,171787.0
qJ5R5sjZ3vzNebSQF,f4R5fnE3qjxJw8jhG,146350.0
qJ5R5sjZ3vzNebSQF,sycFuheBBtEsgAWqQ,146420.0
rNmbXgJncQ2EfqYRE,F8zeNSzQAiL46W49Z,147194.0
rNmbXgJncQ2EfqYRE,sycFuheBBtEsgAWqQ,63267.0
rNmbXgJncQ2EfqYRE,6tffxhr9bwQcbqMd6,182113.0
rNmbXgJncQ2EfqYRE,f4R5fnE3qjxJw8jhG,82331.0
rNmbXgJncQ2EfqYRE,JZF27T62Fi5Grkn85,3727827.0
rNmbXgJncQ2EfqYRE,k8Fwo4bcTMuNuNWR9,79728.0
rNmbXgJncQ2EfqYRE,KQ9F7PgqvNRi7fNAx,191128.0
x3zz7TwqKDni8onbh,k8Fwo4bcTMuNuNWR9,8884.0
x3zz7TwqKDni8onbh,F8zeNSzQAiL46W49Z,20453.0
x3zz7TwqKDni8onbh,sycFuheBBtEsgAWqQ,32354.0
x3zz7TwqKDni8onbh,6tffxhr9bwQcbqMd6,4214.0
x3zz7TwqKDni8onbh,KQ9F7PgqvNRi7fNAx,2051.0
x3zz7TwqKDni8onbh,JZF27T62Fi5Grkn85,8793.0
x3zz7TwqKDni8onbh,f4R5fnE3qjxJw8jhG,9835.0
xBvhTZb43bmCfJEQK,6tffxhr9bwQcbqMd6,177811.0
xBvhTZb43bmCfJEQK,JZF27T62Fi5Grkn85,84448.0
xBvhTZb43bmCfJEQK,KQ9F7PgqvNRi7fNAx,37107.0
xBvhTZb43bmCfJEQK,k8Fwo4bcTMuNuNWR9,154567.0
xBvhTZb43bmCfJEQK,f4R5fnE3qjxJw8jhG,101913.0
xBvhTZb43bmCfJEQK,sycFuheBBtEsgAWqQ,116168.0
xBvhTZb43bmCfJEQK,F8zeNSzQAiL46W49Z,133912.0
xPR5pB6TNppdwMr7K,f4R5fnE3qjxJw8jhG,54029.0
xPR5pB6TNppdwMr7K,JZF27T62Fi5Grkn85,213606.0
xPR5pB6TNppdwMr7K,F8zeNSzQAiL46W49Z,829332.0
xPR5pB6TNppdwMr7K,k8Fwo4bcTMuNuNWR9,9357.0
xPR5pB6TNppdwMr7K,6tffxhr9bwQcbqMd6,28061.0
xPR5pB6TNppdwMr7K,KQ9F7PgqvNRi7fNAx,32891.0
xPR5pB6TNppdwMr7K,sycFuheBBtEsgAWqQ,20452.0
z2HQQ9w942WWZ4AGN,KQ9F7PgqvNRi7fNAx,51057.0
z2HQQ9w942WWZ4AGN,f4R5fnE3qjxJw8jhG,211723.0
z2HQQ9w942WWZ4AGN,k8Fwo4bcTMuNuNWR9,145385.0
z2HQQ9w942WWZ4AGN,sycFuheBBtEsgAWqQ,134069.0
z2HQQ9w942WWZ4AGN,F8zeNSzQAiL46W49Z,155287.0
z2HQQ9w942WWZ4AGN,JZF27T62Fi5Grkn85,79486.0
z2HQQ9w942WWZ4AGN,6tffxhr9bwQcbqMd6,125993.0
zEZAmAn3SpkiGWoxx,k8Fwo4bcTMuNuNWR9,217505.0
zEZAmAn3SpkiGWoxx,f4R5fnE3qjxJw8jhG,229825.0
zEZAmAn3SpkiGWoxx,6tffxhr9bwQcbqMd6,151520.0
zEZAmAn3SpkiGWoxx,KQ9F7PgqvNRi7fNAx,58270.0
zEZAmAn3SpkiGWoxx,sycFuheBBtEsgAWqQ,205624.0
zEZAmAn3SpkiGWoxx,JZF27T62Fi5Grkn85,102029.0
zEZAmAn3SpkiGWoxx,F8zeNSzQAiL46W49Z,172125.0
zEaqg9qAW4MvwbwC4,JZF27T62Fi5Grkn85,81198.0
zEaqg9qAW4MvwbwC4,sycFuheBBtEsgAWqQ,141879.0
zEaqg9qAW4MvwbwC4,f4R5fnE3qjxJw8jhG,180231.0
zEaqg9qAW4MvwbwC4,F8zeNSzQAiL46W49Z,101044.0
zEaqg9qAW4MvwbwC4,6tffxhr9bwQcbqMd6,92406.0
zEaqg9qAW4MvwbwC4,k8Fwo4bcTMuNuNWR9,222418.0
zEaqg9qAW4MvwbwC4,KQ9F7PgqvNRi7fNAx,37576.0
